-- MySQL dump 10.13  Distrib 5.7.12, for Win64 (x86_64)
--
-- Host: localhost    Database: redpin
-- ------------------------------------------------------
-- Server version	5.7.16-log

/*!40101 SET @OLD_CHARACTER_SET_CLIENT=@@CHARACTER_SET_CLIENT */;
/*!40101 SET @OLD_CHARACTER_SET_RESULTS=@@CHARACTER_SET_RESULTS */;
/*!40101 SET @OLD_COLLATION_CONNECTION=@@COLLATION_CONNECTION */;
/*!40101 SET NAMES utf8 */;
/*!40103 SET @OLD_TIME_ZONE=@@TIME_ZONE */;
/*!40103 SET TIME_ZONE='+00:00' */;
/*!40014 SET @OLD_UNIQUE_CHECKS=@@UNIQUE_CHECKS, UNIQUE_CHECKS=0 */;
/*!40014 SET @OLD_FOREIGN_KEY_CHECKS=@@FOREIGN_KEY_CHECKS, FOREIGN_KEY_CHECKS=0 */;
/*!40101 SET @OLD_SQL_MODE=@@SQL_MODE, SQL_MODE='NO_AUTO_VALUE_ON_ZERO' */;
/*!40111 SET @OLD_SQL_NOTES=@@SQL_NOTES, SQL_NOTES=0 */;

--
-- Table structure for table `bluetoothfingerprint`
--

DROP TABLE IF EXISTS `bluetoothfingerprint`;
/*!40101 SET @saved_cs_client     = @@character_set_client */;
/*!40101 SET character_set_client = utf8 */;
CREATE TABLE `bluetoothfingerprint` (
  `bluetoothmeasurementid` int(11) NOT NULL AUTO_INCREMENT,
  `locid` int(11) DEFAULT NULL,
  `mapid` int(11) DEFAULT NULL,
  `bluetoothaddress` varchar(45) DEFAULT NULL,
  `mapXCord` int(11) DEFAULT NULL,
  `mapYCord` int(11) DEFAULT NULL,
  `rssi` int(11) DEFAULT NULL,
  PRIMARY KEY (`bluetoothmeasurementid`)
) ENGINE=InnoDB DEFAULT CHARSET=latin1;
/*!40101 SET character_set_client = @saved_cs_client */;

--
-- Dumping data for table `bluetoothfingerprint`
--

LOCK TABLES `bluetoothfingerprint` WRITE;
/*!40000 ALTER TABLE `bluetoothfingerprint` DISABLE KEYS */;
/*!40000 ALTER TABLE `bluetoothfingerprint` ENABLE KEYS */;
UNLOCK TABLES;

--
-- Table structure for table `bluetoothreading`
--

DROP TABLE IF EXISTS `bluetoothreading`;
/*!40101 SET @saved_cs_client     = @@character_set_client */;
/*!40101 SET character_set_client = utf8 */;
CREATE TABLE `bluetoothreading` (
  `bluetoothReadingId` int(10) unsigned NOT NULL AUTO_INCREMENT,
  `friendlyName` varchar(45) DEFAULT NULL,
  `bluetoothAddress` varchar(45) DEFAULT NULL,
  `majorDeviceClass` varchar(45) DEFAULT NULL,
  `minorDeviceClass` varchar(45) DEFAULT NULL,
  PRIMARY KEY (`bluetoothReadingId`)
) ENGINE=InnoDB AUTO_INCREMENT=392 DEFAULT CHARSET=latin1;
/*!40101 SET character_set_client = @saved_cs_client */;

--
-- Dumping data for table `bluetoothreading`
--

LOCK TABLES `bluetoothreading` WRITE;
/*!40000 ALTER TABLE `bluetoothreading` DISABLE KEYS */;
INSERT INTO `bluetoothreading` VALUES (4,'DESKTOP-Q045Q3M','B4:AE:2B:34:3A:2C','-90','0'),(5,'Kruti\'s iPhone','28:5A:EB:90:3A:D4','-92','0'),(6,'Surge','DE:97:E1:3D:77:3C','-83','0'),(7,'','53:E2:25:30:A3:5A','-91','0'),(8,'','F4:0F:24:36:8C:AC','-100','0'),(9,'','61:A5:67:84:9B:A7','-97','0'),(10,'Bleached Bloodsucker','24:0A:11:EF:CD:67','-78','0'),(11,'Bleached Bloodsucker','24:0A:11:EF:CD:67','-78','0'),(12,'Bleached Bloodsucker','24:0A:11:EF:CD:67','-73','0'),(13,'Bleached Bloodsucker','24:0A:11:EF:CD:67','-73','0'),(14,'Bleached Bloodsucker','24:0A:11:EF:CD:67','-73','0'),(15,'MotoG3','84:10:0D:BE:E4:B2','-78','0'),(16,'MotoG3','84:10:0D:BE:E4:B2','-78','0'),(17,'MotoG3','84:10:0D:BE:E4:B2','-78','0'),(18,'MotoG3','84:10:0D:BE:E4:B2','-78','0'),(19,'xyz','1C:1A:C0:7F:8C:05','-92','0'),(20,'xyz','1C:1A:C0:7F:8C:05','-92','0'),(21,'xyz','1C:1A:C0:7F:8C:05','-92','0'),(22,'xyz','1C:1A:C0:7F:8C:05','-92','0'),(23,'xyz','1C:1A:C0:7F:8C:05','-92','0'),(24,'MotoG3','84:10:0D:BE:E4:B2','-83','0'),(25,'MotoG3','84:10:0D:BE:E4:B2','-83','0'),(26,'MotoG3','84:10:0D:BE:E4:B2','-83','0'),(27,'MotoG3','84:10:0D:BE:E4:B2','-83','0'),(28,'MotoG3','84:10:0D:BE:E4:B2','-83','0'),(35,'NAV','F4:06:69:55:53:E2','-67','0'),(36,'NAV','F4:06:69:55:53:E2','-67','0'),(37,'NAV','F4:06:69:55:53:E2','-67','0'),(38,'NAV','F4:06:69:55:53:E2','-67','0'),(39,'NAV','F4:06:69:55:53:E2','-67','0'),(40,'NAV','F4:06:69:55:53:E2','-67','0'),(41,'NAV','F4:06:69:55:53:E2','-67','0'),(42,'NAV','F4:06:69:55:53:E2','-74','0'),(43,'NAV','F4:06:69:55:53:E2','-74','0'),(44,'NAV','F4:06:69:55:53:E2','-74','0'),(45,'NAV','F4:06:69:55:53:E2','-74','0'),(46,'NAV','F4:06:69:55:53:E2','-74','0'),(47,'NAV','F4:06:69:55:53:E2','-74','0'),(48,'NAV','F4:06:69:55:53:E2','-74','0'),(49,'NAV','F4:06:69:55:53:E2','-74','0'),(50,'NAV','F4:06:69:55:53:E2','-87','0'),(51,'NAV','F4:06:69:55:53:E2','-87','0'),(52,'NAV','F4:06:69:55:53:E2','-87','0'),(53,'NAV','F4:06:69:55:53:E2','-87','0'),(54,'NAV','F4:06:69:55:53:E2','-87','0'),(55,'NAV','F4:06:69:55:53:E2','-87','0'),(56,'NAV','F4:06:69:55:53:E2','-87','0'),(57,'NAV','F4:06:69:55:53:E2','-87','0'),(58,'NAV','F4:06:69:55:53:E2','-87','0'),(70,'tp','D4:0B:1A:10:60:FC','-81','0'),(71,'tp','D4:0B:1A:10:60:FC','-81','0'),(72,'tp','D4:0B:1A:10:60:FC','-81','0'),(73,'tp','D4:0B:1A:10:60:FC','-81','0'),(74,'tp','D4:0B:1A:10:60:FC','-81','0'),(75,'tp','D4:0B:1A:10:60:FC','-81','0'),(101,'tp','D4:0B:1A:10:60:FC','-78','0'),(102,'tp','D4:0B:1A:10:60:FC','-78','0'),(103,'tp','D4:0B:1A:10:60:FC','-78','0'),(104,'tp','D4:0B:1A:10:60:FC','-78','0'),(105,'tp','D4:0B:1A:10:60:FC','-78','0'),(106,'tp','D4:0B:1A:10:60:FC','-78','0'),(107,'tp','D4:0B:1A:10:60:FC','-78','0'),(108,'tp','D4:0B:1A:10:60:FC','-78','0'),(109,'tp','D4:0B:1A:10:60:FC','-78','0'),(110,'tp','D4:0B:1A:10:60:FC','-78','0'),(111,'tp','D4:0B:1A:10:60:FC','-78','0'),(112,'','71:AC:59:8A:3E:27','-100','0'),(113,'','71:AC:59:8A:3E:27','-100','0'),(114,'','71:AC:59:8A:3E:27','-100','0'),(115,'','71:AC:59:8A:3E:27','-100','0'),(116,'','71:AC:59:8A:3E:27','-100','0'),(117,'','71:AC:59:8A:3E:27','-100','0'),(118,'','71:AC:59:8A:3E:27','-100','0'),(119,'','71:AC:59:8A:3E:27','-100','0'),(120,'','71:AC:59:8A:3E:27','-100','0'),(121,'','71:AC:59:8A:3E:27','-100','0'),(122,'','71:AC:59:8A:3E:27','-100','0'),(123,'','71:AC:59:8A:3E:27','-100','0'),(124,'','71:AC:59:8A:3E:27','-100','0'),(125,'','71:AC:59:8A:3E:27','-100','0'),(126,'','71:AC:59:8A:3E:27','-100','0'),(127,'','1C:1A:C0:7F:8C:05','-91','0'),(128,'','1C:1A:C0:7F:8C:05','-91','0'),(129,'','1C:1A:C0:7F:8C:05','-91','0'),(130,'','1C:1A:C0:7F:8C:05','-91','0'),(131,'','1C:1A:C0:7F:8C:05','-91','0'),(132,'','1C:1A:C0:7F:8C:05','-91','0'),(133,'','1C:1A:C0:7F:8C:05','-91','0'),(134,'','1C:1A:C0:7F:8C:05','-91','0'),(135,'','1C:1A:C0:7F:8C:05','-91','0'),(136,'','1C:1A:C0:7F:8C:05','-91','0'),(137,'','1C:1A:C0:7F:8C:05','-91','0'),(138,'','1C:1A:C0:7F:8C:05','-91','0'),(139,'','1C:1A:C0:7F:8C:05','-91','0'),(140,'','1C:1A:C0:7F:8C:05','-91','0'),(141,'','1C:1A:C0:7F:8C:05','-91','0'),(142,'tp','D4:0B:1A:10:60:FC','-78','0'),(143,'tp','D4:0B:1A:10:60:FC','-78','0'),(144,'tp','D4:0B:1A:10:60:FC','-78','0'),(145,'tp','D4:0B:1A:10:60:FC','-78','0'),(146,'tp','D4:0B:1A:10:60:FC','-78','0'),(147,'tp','D4:0B:1A:10:60:FC','-78','0'),(148,'tp','D4:0B:1A:10:60:FC','-78','0'),(149,'tp','D4:0B:1A:10:60:FC','-78','0'),(150,'tp','D4:0B:1A:10:60:FC','-78','0'),(151,'tp','D4:0B:1A:10:60:FC','-78','0'),(152,'tp','D4:0B:1A:10:60:FC','-78','0'),(153,'tp','D4:0B:1A:10:60:FC','-78','0'),(154,'tp','D4:0B:1A:10:60:FC','-78','0'),(155,'tp','D4:0B:1A:10:60:FC','-78','0'),(156,'tp','D4:0B:1A:10:60:FC','-78','0'),(157,'tp','D4:0B:1A:10:60:FC','-78','0'),(158,'tp','D4:0B:1A:10:60:FC','-78','0'),(159,'tp','D4:0B:1A:10:60:FC','-78','0'),(160,'tp','D4:0B:1A:10:60:FC','-78','0'),(161,'tp','D4:0B:1A:10:60:FC','-78','0'),(162,'tp','D4:0B:1A:10:60:FC','-78','0'),(163,'tp','D4:0B:1A:10:60:FC','-78','0'),(164,'tp','D4:0B:1A:10:60:FC','-78','0'),(165,'tp','D4:0B:1A:10:60:FC','-78','0'),(166,'tp','D4:0B:1A:10:60:FC','-78','0'),(167,'tp','D4:0B:1A:10:60:FC','-78','0'),(168,'tp','D4:0B:1A:10:60:FC','-78','0'),(169,'tp','D4:0B:1A:10:60:FC','-78','0'),(170,'tp','D4:0B:1A:10:60:FC','-78','0'),(171,'tp','D4:0B:1A:10:60:FC','-78','0'),(172,'tp','D4:0B:1A:10:60:FC','-78','0'),(173,'tp','D4:0B:1A:10:60:FC','-78','0'),(174,'HOMEPC','FC:F8:AE:7C:4E:43','-72','0'),(175,'HOMEPC','FC:F8:AE:7C:4E:43','-72','0'),(176,'HOMEPC','FC:F8:AE:7C:4E:43','-72','0'),(177,'HOMEPC','FC:F8:AE:7C:4E:43','-72','0'),(178,'HOMEPC','FC:F8:AE:7C:4E:43','-72','0'),(179,'HOMEPC','FC:F8:AE:7C:4E:43','-72','0'),(180,'HOMEPC','FC:F8:AE:7C:4E:43','-72','0'),(181,'HOMEPC','FC:F8:AE:7C:4E:43','-72','0'),(182,'HOMEPC','FC:F8:AE:7C:4E:43','-72','0'),(183,'HOMEPC','FC:F8:AE:7C:4E:43','-72','0'),(184,'HOMEPC','FC:F8:AE:7C:4E:43','-72','0'),(185,'HOMEPC','FC:F8:AE:7C:4E:43','-72','0'),(186,'HOMEPC','FC:F8:AE:7C:4E:43','-72','0'),(187,'HOMEPC','FC:F8:AE:7C:4E:43','-72','0'),(188,'HOMEPC','FC:F8:AE:7C:4E:43','-72','0'),(189,'HOMEPC','FC:F8:AE:7C:4E:43','-72','0'),(190,'','1C:1A:C0:7F:8C:05','-98','0'),(191,'','1C:1A:C0:7F:8C:05','-98','0'),(192,'','1C:1A:C0:7F:8C:05','-98','0'),(193,'','1C:1A:C0:7F:8C:05','-98','0'),(194,'','1C:1A:C0:7F:8C:05','-98','0'),(195,'','1C:1A:C0:7F:8C:05','-98','0'),(196,'','1C:1A:C0:7F:8C:05','-98','0'),(197,'','1C:1A:C0:7F:8C:05','-98','0'),(198,'','1C:1A:C0:7F:8C:05','-98','0'),(199,'','1C:1A:C0:7F:8C:05','-98','0'),(200,'','1C:1A:C0:7F:8C:05','-98','0'),(201,'','1C:1A:C0:7F:8C:05','-98','0'),(202,'','1C:1A:C0:7F:8C:05','-98','0'),(203,'','1C:1A:C0:7F:8C:05','-98','0'),(204,'','1C:1A:C0:7F:8C:05','-98','0'),(205,'','1C:1A:C0:7F:8C:05','-98','0'),(206,'HOMEPC','FC:F8:AE:7C:4E:43','-72','0'),(207,'HOMEPC','FC:F8:AE:7C:4E:43','-72','0'),(208,'HOMEPC','FC:F8:AE:7C:4E:43','-72','0'),(209,'HOMEPC','FC:F8:AE:7C:4E:43','-72','0'),(210,'HOMEPC','FC:F8:AE:7C:4E:43','-72','0'),(211,'HOMEPC','FC:F8:AE:7C:4E:43','-72','0'),(212,'HOMEPC','FC:F8:AE:7C:4E:43','-72','0'),(213,'HOMEPC','FC:F8:AE:7C:4E:43','-72','0'),(214,'HOMEPC','FC:F8:AE:7C:4E:43','-72','0'),(215,'HOMEPC','FC:F8:AE:7C:4E:43','-72','0'),(216,'HOMEPC','FC:F8:AE:7C:4E:43','-72','0'),(217,'HOMEPC','FC:F8:AE:7C:4E:43','-72','0'),(218,'HOMEPC','FC:F8:AE:7C:4E:43','-72','0'),(219,'HOMEPC','FC:F8:AE:7C:4E:43','-72','0'),(220,'HOMEPC','FC:F8:AE:7C:4E:43','-72','0'),(221,'HOMEPC','FC:F8:AE:7C:4E:43','-72','0'),(222,'HOMEPC','FC:F8:AE:7C:4E:43','-72','0'),(283,'','6C:94:F8:CF:BC:CF','-97','0'),(284,'','6C:94:F8:CF:BC:CF','-97','0'),(285,'','6C:94:F8:CF:BC:CF','-97','0'),(286,'','6C:94:F8:CF:BC:CF','-97','0'),(287,'','6C:94:F8:CF:BC:CF','-97','0'),(288,'','6C:94:F8:CF:BC:CF','-97','0'),(289,'','6C:94:F8:CF:BC:CF','-97','0'),(290,'','6C:94:F8:CF:BC:CF','-97','0'),(291,'','6C:94:F8:CF:BC:CF','-97','0'),(292,'','6C:94:F8:CF:BC:CF','-97','0'),(293,'HOMEPC','FC:F8:AE:7C:4E:43','-68','0'),(294,'HOMEPC','FC:F8:AE:7C:4E:43','-68','0'),(295,'HOMEPC','FC:F8:AE:7C:4E:43','-68','0'),(296,'HOMEPC','FC:F8:AE:7C:4E:43','-68','0'),(297,'HOMEPC','FC:F8:AE:7C:4E:43','-68','0'),(298,'HOMEPC','FC:F8:AE:7C:4E:43','-68','0'),(299,'HOMEPC','FC:F8:AE:7C:4E:43','-68','0'),(300,'HOMEPC','FC:F8:AE:7C:4E:43','-68','0'),(301,'HOMEPC','FC:F8:AE:7C:4E:43','-68','0'),(302,'HOMEPC','FC:F8:AE:7C:4E:43','-68','0'),(303,'HOMEPC','FC:F8:AE:7C:4E:43','-68','0'),(304,'HOMEPC','FC:F8:AE:7C:4E:43','-68','0'),(305,'HOMEPC','FC:F8:AE:7C:4E:43','-68','0'),(306,'HOMEPC','FC:F8:AE:7C:4E:43','-68','0'),(307,'HOMEPC','FC:F8:AE:7C:4E:43','-68','0'),(308,'HOMEPC','FC:F8:AE:7C:4E:43','-68','0'),(309,'HOMEPC','FC:F8:AE:7C:4E:43','-68','0'),(310,'HOMEPC','FC:F8:AE:7C:4E:43','-68','0'),(311,'HOMEPC','FC:F8:AE:7C:4E:43','-68','0'),(312,'','1C:1A:C0:7F:8C:05','-96','0'),(313,'','1C:1A:C0:7F:8C:05','-96','0'),(314,'','1C:1A:C0:7F:8C:05','-96','0'),(315,'','1C:1A:C0:7F:8C:05','-96','0'),(316,'','1C:1A:C0:7F:8C:05','-96','0'),(317,'','1C:1A:C0:7F:8C:05','-96','0'),(318,'','1C:1A:C0:7F:8C:05','-96','0'),(319,'','1C:1A:C0:7F:8C:05','-96','0'),(320,'','1C:1A:C0:7F:8C:05','-96','0'),(321,'','1C:1A:C0:7F:8C:05','-96','0'),(322,'','1C:1A:C0:7F:8C:05','-96','0'),(323,'','1C:1A:C0:7F:8C:05','-96','0'),(324,'','1C:1A:C0:7F:8C:05','-96','0'),(325,'','1C:1A:C0:7F:8C:05','-96','0'),(326,'','1C:1A:C0:7F:8C:05','-96','0'),(327,'','1C:1A:C0:7F:8C:05','-96','0'),(328,'','1C:1A:C0:7F:8C:05','-96','0'),(329,'','1C:1A:C0:7F:8C:05','-96','0'),(330,'','1C:1A:C0:7F:8C:05','-96','0'),(331,'','6C:F9:A5:78:50:89','-94','0'),(332,'','6C:F9:A5:78:50:89','-94','0'),(333,'','6C:F9:A5:78:50:89','-94','0'),(334,'','6C:F9:A5:78:50:89','-94','0'),(335,'','6C:F9:A5:78:50:89','-94','0'),(336,'','6C:F9:A5:78:50:89','-94','0'),(337,'','6C:F9:A5:78:50:89','-94','0'),(338,'','6C:F9:A5:78:50:89','-94','0'),(339,'','6C:F9:A5:78:50:89','-94','0'),(340,'','6C:F9:A5:78:50:89','-94','0'),(341,'','6C:F9:A5:78:50:89','-94','0'),(342,'','6C:F9:A5:78:50:89','-94','0'),(343,'','6C:F9:A5:78:50:89','-94','0'),(344,'','6C:F9:A5:78:50:89','-94','0'),(345,'','6C:F9:A5:78:50:89','-94','0'),(346,'','6C:F9:A5:78:50:89','-94','0'),(347,'','6C:F9:A5:78:50:89','-94','0'),(348,'','6C:F9:A5:78:50:89','-94','0'),(349,'','6C:F9:A5:78:50:89','-94','0'),(350,'','6C:F9:A5:78:50:89','-94','0'),(351,'HOMEPC','FC:F8:AE:7C:4E:43','-86','0'),(352,'HOMEPC','FC:F8:AE:7C:4E:43','-86','0'),(353,'HOMEPC','FC:F8:AE:7C:4E:43','-86','0'),(354,'HOMEPC','FC:F8:AE:7C:4E:43','-86','0'),(355,'HOMEPC','FC:F8:AE:7C:4E:43','-86','0'),(356,'HOMEPC','FC:F8:AE:7C:4E:43','-86','0'),(357,'HOMEPC','FC:F8:AE:7C:4E:43','-86','0'),(358,'HOMEPC','FC:F8:AE:7C:4E:43','-86','0'),(359,'HOMEPC','FC:F8:AE:7C:4E:43','-86','0'),(360,'HOMEPC','FC:F8:AE:7C:4E:43','-86','0'),(361,'HOMEPC','FC:F8:AE:7C:4E:43','-86','0'),(362,'HOMEPC','FC:F8:AE:7C:4E:43','-86','0'),(363,'HOMEPC','FC:F8:AE:7C:4E:43','-86','0'),(364,'HOMEPC','FC:F8:AE:7C:4E:43','-86','0'),(365,'HOMEPC','FC:F8:AE:7C:4E:43','-86','0'),(366,'HOMEPC','FC:F8:AE:7C:4E:43','-86','0'),(367,'HOMEPC','FC:F8:AE:7C:4E:43','-86','0'),(368,'HOMEPC','FC:F8:AE:7C:4E:43','-86','0'),(369,'HOMEPC','FC:F8:AE:7C:4E:43','-86','0'),(370,'HOMEPC','FC:F8:AE:7C:4E:43','-86','0'),(371,'HOMEPC','FC:F8:AE:7C:4E:43','-94','0'),(372,'HOMEPC','FC:F8:AE:7C:4E:43','-94','0'),(373,'HOMEPC','FC:F8:AE:7C:4E:43','-94','0'),(374,'HOMEPC','FC:F8:AE:7C:4E:43','-94','0'),(375,'HOMEPC','FC:F8:AE:7C:4E:43','-94','0'),(376,'HOMEPC','FC:F8:AE:7C:4E:43','-94','0'),(377,'HOMEPC','FC:F8:AE:7C:4E:43','-94','0'),(378,'HOMEPC','FC:F8:AE:7C:4E:43','-94','0'),(379,'HOMEPC','FC:F8:AE:7C:4E:43','-94','0'),(380,'HOMEPC','FC:F8:AE:7C:4E:43','-94','0'),(381,'HOMEPC','FC:F8:AE:7C:4E:43','-94','0'),(382,'HOMEPC','FC:F8:AE:7C:4E:43','-94','0'),(383,'HOMEPC','FC:F8:AE:7C:4E:43','-94','0'),(384,'HOMEPC','FC:F8:AE:7C:4E:43','-94','0'),(385,'HOMEPC','FC:F8:AE:7C:4E:43','-94','0'),(386,'HOMEPC','FC:F8:AE:7C:4E:43','-94','0'),(387,'HOMEPC','FC:F8:AE:7C:4E:43','-94','0'),(388,'HOMEPC','FC:F8:AE:7C:4E:43','-94','0'),(389,'HOMEPC','FC:F8:AE:7C:4E:43','-94','0'),(390,'HOMEPC','FC:F8:AE:7C:4E:43','-94','0'),(391,'HOMEPC','FC:F8:AE:7C:4E:43','-94','0');
/*!40000 ALTER TABLE `bluetoothreading` ENABLE KEYS */;
UNLOCK TABLES;

--
-- Table structure for table `fingerprint`
--

DROP TABLE IF EXISTS `fingerprint`;
/*!40101 SET @saved_cs_client     = @@character_set_client */;
/*!40101 SET character_set_client = utf8 */;
CREATE TABLE `fingerprint` (
  `fingerprintId` int(10) unsigned NOT NULL AUTO_INCREMENT,
  `locationId` int(10) unsigned DEFAULT NULL,
  `measurementId` int(10) unsigned DEFAULT NULL,
  PRIMARY KEY (`fingerprintId`),
  KEY `location` (`locationId`),
  KEY `measurement` (`measurementId`),
  CONSTRAINT `location` FOREIGN KEY (`locationId`) REFERENCES `location` (`locationId`) ON DELETE NO ACTION ON UPDATE NO ACTION,
  CONSTRAINT `measurement` FOREIGN KEY (`measurementId`) REFERENCES `measurement` (`measurementId`) ON DELETE NO ACTION ON UPDATE NO ACTION
) ENGINE=InnoDB AUTO_INCREMENT=32 DEFAULT CHARSET=latin1;
/*!40101 SET character_set_client = @saved_cs_client */;

--
-- Dumping data for table `fingerprint`
--

LOCK TABLES `fingerprint` WRITE;
/*!40000 ALTER TABLE `fingerprint` DISABLE KEYS */;
INSERT INTO `fingerprint` VALUES (4,4,4),(5,5,5),(6,6,6),(7,7,7),(9,9,9),(10,10,10),(11,11,11),(16,16,16),(17,17,17),(18,18,18),(19,19,19),(21,21,21),(22,22,22),(23,23,23),(24,24,24),(25,25,25),(26,26,26),(28,28,28),(29,29,29),(30,30,30);
/*!40000 ALTER TABLE `fingerprint` ENABLE KEYS */;
UNLOCK TABLES;

--
-- Table structure for table `gsmreading`
--

DROP TABLE IF EXISTS `gsmreading`;
/*!40101 SET @saved_cs_client     = @@character_set_client */;
/*!40101 SET character_set_client = utf8 */;
CREATE TABLE `gsmreading` (
  `gsmReadingId` int(10) unsigned NOT NULL AUTO_INCREMENT,
  `cellId` varchar(45) DEFAULT NULL,
  `areaId` varchar(45) DEFAULT NULL,
  `signalStrength` varchar(45) DEFAULT NULL,
  `MCC` varchar(45) DEFAULT NULL,
  `MNC` varchar(45) DEFAULT NULL,
  `networkName` varchar(45) DEFAULT NULL,
  PRIMARY KEY (`gsmReadingId`)
) ENGINE=InnoDB DEFAULT CHARSET=latin1;
/*!40101 SET character_set_client = @saved_cs_client */;

--
-- Dumping data for table `gsmreading`
--

LOCK TABLES `gsmreading` WRITE;
/*!40000 ALTER TABLE `gsmreading` DISABLE KEYS */;
/*!40000 ALTER TABLE `gsmreading` ENABLE KEYS */;
UNLOCK TABLES;

--
-- Table structure for table `location`
--

DROP TABLE IF EXISTS `location`;
/*!40101 SET @saved_cs_client     = @@character_set_client */;
/*!40101 SET character_set_client = utf8 */;
CREATE TABLE `location` (
  `locationId` int(10) unsigned NOT NULL AUTO_INCREMENT,
  `symbolicId` varchar(90) DEFAULT NULL,
  `mapId` int(10) unsigned DEFAULT NULL,
  `mapXCord` int(10) unsigned DEFAULT NULL,
  `mapYCord` int(10) unsigned DEFAULT NULL,
  `accuracy` int(10) unsigned DEFAULT NULL,
  PRIMARY KEY (`locationId`),
  KEY `symbolicId` (`symbolicId`),
  KEY `map` (`mapId`),
  CONSTRAINT `map` FOREIGN KEY (`mapId`) REFERENCES `map` (`mapId`) ON DELETE NO ACTION ON UPDATE NO ACTION
) ENGINE=InnoDB AUTO_INCREMENT=32 DEFAULT CHARSET=latin1;
/*!40101 SET character_set_client = @saved_cs_client */;

--
-- Dumping data for table `location`
--

LOCK TABLES `location` WRITE;
/*!40000 ALTER TABLE `location` DISABLE KEYS */;
INSERT INTO `location` VALUES (4,'331-hallway',1,247,473,0),(5,'331-window',1,143,473,0),(6,'341-window',1,135,634,0),(7,'341-hallway',1,250,633,0),(9,'hall-341',1,286,579,0),(10,'hall-343',1,288,711,0),(11,'hall-345',1,283,865,0),(16,'343-hall',1,244,809,0),(17,'343-center-test',1,188,761,0),(18,'343-window',1,137,793,0),(19,'345-window',1,143,923,0),(21,'345-hall',1,243,923,0),(22,'340-hall',1,344,636,0),(23,'340-window',1,435,635,0),(24,'339-hall-board',1,374,380,0),(25,'339-window',1,406,292,0),(26,'339-hall',1,245,348,0),(28,'338-hall',1,370,418,0),(29,'337-hall',1,523,374,0),(30,'337-window',1,526,291,0);
/*!40000 ALTER TABLE `location` ENABLE KEYS */;
UNLOCK TABLES;

--
-- Table structure for table `map`
--

DROP TABLE IF EXISTS `map`;
/*!40101 SET @saved_cs_client     = @@character_set_client */;
/*!40101 SET character_set_client = utf8 */;
CREATE TABLE `map` (
  `mapId` int(10) unsigned NOT NULL AUTO_INCREMENT,
  `mapName` varchar(45) DEFAULT NULL,
  `mapURL` text,
  PRIMARY KEY (`mapId`)
) ENGINE=InnoDB AUTO_INCREMENT=2 DEFAULT CHARSET=latin1;
/*!40101 SET character_set_client = @saved_cs_client */;

--
-- Dumping data for table `map`
--

LOCK TABLES `map` WRITE;
/*!40000 ALTER TABLE `map` DISABLE KEYS */;
INSERT INTO `map` VALUES (1,'engbuilding3','http://i.imgur.com/hEFF5sg.jpg');
/*!40000 ALTER TABLE `map` ENABLE KEYS */;
UNLOCK TABLES;

--
-- Table structure for table `measurement`
--

DROP TABLE IF EXISTS `measurement`;
/*!40101 SET @saved_cs_client     = @@character_set_client */;
/*!40101 SET character_set_client = utf8 */;
CREATE TABLE `measurement` (
  `measurementId` int(10) unsigned NOT NULL AUTO_INCREMENT,
  `timestamp` bigint(20) unsigned DEFAULT NULL,
  PRIMARY KEY (`measurementId`)
) ENGINE=InnoDB AUTO_INCREMENT=32 DEFAULT CHARSET=latin1;
/*!40101 SET character_set_client = @saved_cs_client */;

--
-- Dumping data for table `measurement`
--

LOCK TABLES `measurement` WRITE;
/*!40000 ALTER TABLE `measurement` DISABLE KEYS */;
INSERT INTO `measurement` VALUES (4,1480483531495),(5,1480483652416),(6,1480483844143),(7,1480483949844),(8,1480484133098),(9,1480484194046),(10,1480484404776),(11,1480484441484),(12,1480484552264),(13,1480484893811),(14,1480484959447),(15,1480485410343),(16,1480485978255),(17,1480486024468),(18,1480486065003),(19,1480486426552),(20,1480486455757),(21,1480486484956),(22,1480486608584),(23,1480486636759),(24,1480486706359),(25,1480486749151),(26,1480486803447),(27,1480486834275),(28,1480486930401),(29,1480486972702),(30,1480487014742),(31,1480820860836);
/*!40000 ALTER TABLE `measurement` ENABLE KEYS */;
UNLOCK TABLES;

--
-- Table structure for table `readinginmeasurement`
--

DROP TABLE IF EXISTS `readinginmeasurement`;
/*!40101 SET @saved_cs_client     = @@character_set_client */;
/*!40101 SET character_set_client = utf8 */;
CREATE TABLE `readinginmeasurement` (
  `id` int(10) unsigned NOT NULL AUTO_INCREMENT,
  `measurementId` int(10) unsigned NOT NULL,
  `readingId` int(10) unsigned NOT NULL,
  `readingClassName` varchar(255) NOT NULL,
  PRIMARY KEY (`id`),
  KEY `measurement` (`measurementId`),
  KEY `reading` (`readingId`),
  CONSTRAINT `measurementFk` FOREIGN KEY (`measurementId`) REFERENCES `measurement` (`measurementId`) ON DELETE NO ACTION ON UPDATE NO ACTION
) ENGINE=InnoDB AUTO_INCREMENT=909 DEFAULT CHARSET=latin1;
/*!40101 SET character_set_client = @saved_cs_client */;

--
-- Dumping data for table `readinginmeasurement`
--

LOCK TABLES `readinginmeasurement` WRITE;
/*!40000 ALTER TABLE `readinginmeasurement` DISABLE KEYS */;
INSERT INTO `readinginmeasurement` VALUES (17,4,14,'WiFiReading'),(18,4,15,'WiFiReading'),(19,4,16,'WiFiReading'),(20,4,17,'WiFiReading'),(21,4,18,'WiFiReading'),(22,4,19,'WiFiReading'),(23,4,20,'WiFiReading'),(24,4,21,'WiFiReading'),(25,4,22,'WiFiReading'),(26,4,23,'WiFiReading'),(27,4,24,'WiFiReading'),(28,4,25,'WiFiReading'),(29,4,26,'WiFiReading'),(30,4,27,'WiFiReading'),(31,4,4,'BluetoothReading'),(32,4,5,'BluetoothReading'),(33,4,6,'BluetoothReading'),(34,4,7,'BluetoothReading'),(35,4,8,'BluetoothReading'),(36,4,9,'BluetoothReading'),(37,4,10,'BluetoothReading'),(38,4,11,'BluetoothReading'),(39,5,28,'WiFiReading'),(40,5,29,'WiFiReading'),(41,5,30,'WiFiReading'),(42,5,31,'WiFiReading'),(43,5,32,'WiFiReading'),(44,5,33,'WiFiReading'),(45,5,34,'WiFiReading'),(46,5,35,'WiFiReading'),(47,5,36,'WiFiReading'),(48,5,37,'WiFiReading'),(49,5,38,'WiFiReading'),(50,5,39,'WiFiReading'),(51,5,40,'WiFiReading'),(52,5,41,'WiFiReading'),(53,5,42,'WiFiReading'),(54,6,43,'WiFiReading'),(55,6,44,'WiFiReading'),(56,6,45,'WiFiReading'),(57,6,46,'WiFiReading'),(58,6,47,'WiFiReading'),(59,6,48,'WiFiReading'),(60,6,49,'WiFiReading'),(61,6,50,'WiFiReading'),(62,6,51,'WiFiReading'),(63,6,52,'WiFiReading'),(64,6,53,'WiFiReading'),(65,6,54,'WiFiReading'),(66,6,55,'WiFiReading'),(67,6,56,'WiFiReading'),(68,6,57,'WiFiReading'),(69,6,58,'WiFiReading'),(70,6,59,'WiFiReading'),(71,6,60,'WiFiReading'),(72,6,61,'WiFiReading'),(73,6,12,'BluetoothReading'),(74,6,13,'BluetoothReading'),(75,6,14,'BluetoothReading'),(76,7,62,'WiFiReading'),(77,7,63,'WiFiReading'),(78,7,64,'WiFiReading'),(79,7,65,'WiFiReading'),(80,7,66,'WiFiReading'),(81,7,67,'WiFiReading'),(82,7,68,'WiFiReading'),(83,7,69,'WiFiReading'),(84,7,70,'WiFiReading'),(85,7,71,'WiFiReading'),(86,7,72,'WiFiReading'),(87,7,73,'WiFiReading'),(88,7,74,'WiFiReading'),(89,7,75,'WiFiReading'),(90,7,15,'BluetoothReading'),(91,7,16,'BluetoothReading'),(92,7,17,'BluetoothReading'),(93,7,18,'BluetoothReading'),(94,7,19,'BluetoothReading'),(95,7,20,'BluetoothReading'),(96,7,21,'BluetoothReading'),(97,7,22,'BluetoothReading'),(98,7,23,'BluetoothReading'),(99,7,24,'BluetoothReading'),(100,7,25,'BluetoothReading'),(101,7,26,'BluetoothReading'),(102,7,27,'BluetoothReading'),(103,7,28,'BluetoothReading'),(135,9,101,'WiFiReading'),(136,9,102,'WiFiReading'),(137,9,103,'WiFiReading'),(138,9,104,'WiFiReading'),(139,9,105,'WiFiReading'),(140,9,106,'WiFiReading'),(141,9,107,'WiFiReading'),(142,9,108,'WiFiReading'),(143,9,109,'WiFiReading'),(144,9,110,'WiFiReading'),(145,9,111,'WiFiReading'),(146,9,112,'WiFiReading'),(147,9,113,'WiFiReading'),(148,9,114,'WiFiReading'),(149,9,115,'WiFiReading'),(150,9,116,'WiFiReading'),(151,9,117,'WiFiReading'),(152,9,118,'WiFiReading'),(153,9,119,'WiFiReading'),(154,9,120,'WiFiReading'),(155,9,121,'WiFiReading'),(156,9,35,'BluetoothReading'),(157,9,36,'BluetoothReading'),(158,9,37,'BluetoothReading'),(159,9,38,'BluetoothReading'),(160,9,39,'BluetoothReading'),(161,9,40,'BluetoothReading'),(162,9,41,'BluetoothReading'),(163,10,122,'WiFiReading'),(164,10,123,'WiFiReading'),(165,10,124,'WiFiReading'),(166,10,125,'WiFiReading'),(167,10,126,'WiFiReading'),(168,10,127,'WiFiReading'),(169,10,128,'WiFiReading'),(170,10,129,'WiFiReading'),(171,10,130,'WiFiReading'),(172,10,131,'WiFiReading'),(173,10,132,'WiFiReading'),(174,10,133,'WiFiReading'),(175,10,134,'WiFiReading'),(176,10,135,'WiFiReading'),(177,10,136,'WiFiReading'),(178,10,137,'WiFiReading'),(179,10,138,'WiFiReading'),(180,10,139,'WiFiReading'),(181,10,42,'BluetoothReading'),(182,10,43,'BluetoothReading'),(183,10,44,'BluetoothReading'),(184,10,45,'BluetoothReading'),(185,10,46,'BluetoothReading'),(186,10,47,'BluetoothReading'),(187,10,48,'BluetoothReading'),(188,10,49,'BluetoothReading'),(189,11,140,'WiFiReading'),(190,11,141,'WiFiReading'),(191,11,142,'WiFiReading'),(192,11,143,'WiFiReading'),(193,11,144,'WiFiReading'),(194,11,145,'WiFiReading'),(195,11,146,'WiFiReading'),(196,11,147,'WiFiReading'),(197,11,148,'WiFiReading'),(198,11,149,'WiFiReading'),(199,11,150,'WiFiReading'),(200,11,151,'WiFiReading'),(201,11,152,'WiFiReading'),(202,11,153,'WiFiReading'),(203,11,154,'WiFiReading'),(204,11,155,'WiFiReading'),(205,11,156,'WiFiReading'),(206,11,157,'WiFiReading'),(207,11,158,'WiFiReading'),(208,11,159,'WiFiReading'),(209,11,160,'WiFiReading'),(210,11,161,'WiFiReading'),(211,11,162,'WiFiReading'),(212,11,50,'BluetoothReading'),(213,11,51,'BluetoothReading'),(214,11,52,'BluetoothReading'),(215,11,53,'BluetoothReading'),(216,11,54,'BluetoothReading'),(217,11,55,'BluetoothReading'),(218,11,56,'BluetoothReading'),(219,11,57,'BluetoothReading'),(220,11,58,'BluetoothReading'),(289,16,220,'WiFiReading'),(290,16,221,'WiFiReading'),(291,16,222,'WiFiReading'),(292,16,223,'WiFiReading'),(293,16,224,'WiFiReading'),(294,16,225,'WiFiReading'),(295,16,226,'WiFiReading'),(296,16,227,'WiFiReading'),(297,16,228,'WiFiReading'),(298,16,229,'WiFiReading'),(299,16,230,'WiFiReading'),(300,16,70,'BluetoothReading'),(301,16,71,'BluetoothReading'),(302,16,72,'BluetoothReading'),(303,16,73,'BluetoothReading'),(304,16,74,'BluetoothReading'),(305,16,75,'BluetoothReading'),(306,16,76,'BluetoothReading'),(307,16,77,'BluetoothReading'),(308,16,78,'BluetoothReading'),(309,16,79,'BluetoothReading'),(310,16,80,'BluetoothReading'),(311,16,81,'BluetoothReading'),(312,16,82,'BluetoothReading'),(313,16,83,'BluetoothReading'),(314,16,84,'BluetoothReading'),(315,16,85,'BluetoothReading'),(316,16,86,'BluetoothReading'),(317,16,87,'BluetoothReading'),(318,16,88,'BluetoothReading'),(319,16,89,'BluetoothReading'),(320,16,90,'BluetoothReading'),(321,16,91,'BluetoothReading'),(322,16,92,'BluetoothReading'),(323,16,93,'BluetoothReading'),(324,16,94,'BluetoothReading'),(325,16,95,'BluetoothReading'),(326,16,96,'BluetoothReading'),(327,17,231,'WiFiReading'),(328,17,232,'WiFiReading'),(329,17,233,'WiFiReading'),(330,17,234,'WiFiReading'),(331,17,235,'WiFiReading'),(332,17,236,'WiFiReading'),(333,17,237,'WiFiReading'),(334,17,238,'WiFiReading'),(335,17,239,'WiFiReading'),(336,17,240,'WiFiReading'),(337,17,241,'WiFiReading'),(338,17,242,'WiFiReading'),(339,17,243,'WiFiReading'),(340,17,244,'WiFiReading'),(341,17,97,'BluetoothReading'),(342,17,98,'BluetoothReading'),(343,17,99,'BluetoothReading'),(344,17,100,'BluetoothReading'),(345,17,101,'BluetoothReading'),(346,17,102,'BluetoothReading'),(347,17,103,'BluetoothReading'),(348,17,104,'BluetoothReading'),(349,17,105,'BluetoothReading'),(350,17,106,'BluetoothReading'),(351,17,107,'BluetoothReading'),(352,17,108,'BluetoothReading'),(353,17,109,'BluetoothReading'),(354,17,110,'BluetoothReading'),(355,17,111,'BluetoothReading'),(356,17,112,'BluetoothReading'),(357,17,113,'BluetoothReading'),(358,17,114,'BluetoothReading'),(359,17,115,'BluetoothReading'),(360,17,116,'BluetoothReading'),(361,17,117,'BluetoothReading'),(362,17,118,'BluetoothReading'),(363,17,119,'BluetoothReading'),(364,17,120,'BluetoothReading'),(365,17,121,'BluetoothReading'),(366,17,122,'BluetoothReading'),(367,17,123,'BluetoothReading'),(368,17,124,'BluetoothReading'),(369,17,125,'BluetoothReading'),(370,17,126,'BluetoothReading'),(371,18,245,'WiFiReading'),(372,18,246,'WiFiReading'),(373,18,247,'WiFiReading'),(374,18,248,'WiFiReading'),(375,18,249,'WiFiReading'),(376,18,250,'WiFiReading'),(377,18,251,'WiFiReading'),(378,18,252,'WiFiReading'),(379,18,253,'WiFiReading'),(380,18,254,'WiFiReading'),(381,18,255,'WiFiReading'),(382,18,256,'WiFiReading'),(383,18,127,'BluetoothReading'),(384,18,128,'BluetoothReading'),(385,18,129,'BluetoothReading'),(386,18,130,'BluetoothReading'),(387,18,131,'BluetoothReading'),(388,18,132,'BluetoothReading'),(389,18,133,'BluetoothReading'),(390,18,134,'BluetoothReading'),(391,18,135,'BluetoothReading'),(392,18,136,'BluetoothReading'),(393,18,137,'BluetoothReading'),(394,18,138,'BluetoothReading'),(395,18,139,'BluetoothReading'),(396,18,140,'BluetoothReading'),(397,18,141,'BluetoothReading'),(398,18,142,'BluetoothReading'),(399,18,143,'BluetoothReading'),(400,18,144,'BluetoothReading'),(401,18,145,'BluetoothReading'),(402,18,146,'BluetoothReading'),(403,18,147,'BluetoothReading'),(404,18,148,'BluetoothReading'),(405,18,149,'BluetoothReading'),(406,18,150,'BluetoothReading'),(407,18,151,'BluetoothReading'),(408,18,152,'BluetoothReading'),(409,18,153,'BluetoothReading'),(410,18,154,'BluetoothReading'),(411,18,155,'BluetoothReading'),(412,18,156,'BluetoothReading'),(413,18,157,'BluetoothReading'),(414,18,158,'BluetoothReading'),(415,18,159,'BluetoothReading'),(416,18,160,'BluetoothReading'),(417,18,161,'BluetoothReading'),(418,18,162,'BluetoothReading'),(419,18,163,'BluetoothReading'),(420,18,164,'BluetoothReading'),(421,18,165,'BluetoothReading'),(422,18,166,'BluetoothReading'),(423,18,167,'BluetoothReading'),(424,18,168,'BluetoothReading'),(425,18,169,'BluetoothReading'),(426,18,170,'BluetoothReading'),(427,18,171,'BluetoothReading'),(428,18,172,'BluetoothReading'),(429,18,173,'BluetoothReading'),(430,19,257,'WiFiReading'),(431,19,258,'WiFiReading'),(432,19,259,'WiFiReading'),(433,19,260,'WiFiReading'),(434,19,261,'WiFiReading'),(435,19,262,'WiFiReading'),(436,19,263,'WiFiReading'),(437,19,264,'WiFiReading'),(438,19,265,'WiFiReading'),(439,19,266,'WiFiReading'),(440,19,267,'WiFiReading'),(441,19,268,'WiFiReading'),(442,19,269,'WiFiReading'),(443,19,174,'BluetoothReading'),(444,19,175,'BluetoothReading'),(445,19,176,'BluetoothReading'),(446,19,177,'BluetoothReading'),(447,19,178,'BluetoothReading'),(448,19,179,'BluetoothReading'),(449,19,180,'BluetoothReading'),(450,19,181,'BluetoothReading'),(451,19,182,'BluetoothReading'),(452,19,183,'BluetoothReading'),(453,19,184,'BluetoothReading'),(454,19,185,'BluetoothReading'),(455,19,186,'BluetoothReading'),(456,19,187,'BluetoothReading'),(457,19,188,'BluetoothReading'),(458,19,189,'BluetoothReading'),(459,19,190,'BluetoothReading'),(460,19,191,'BluetoothReading'),(461,19,192,'BluetoothReading'),(462,19,193,'BluetoothReading'),(463,19,194,'BluetoothReading'),(464,19,195,'BluetoothReading'),(465,19,196,'BluetoothReading'),(466,19,197,'BluetoothReading'),(467,19,198,'BluetoothReading'),(468,19,199,'BluetoothReading'),(469,19,200,'BluetoothReading'),(470,19,201,'BluetoothReading'),(471,19,202,'BluetoothReading'),(472,19,203,'BluetoothReading'),(473,19,204,'BluetoothReading'),(474,19,205,'BluetoothReading'),(475,19,206,'BluetoothReading'),(476,19,207,'BluetoothReading'),(477,19,208,'BluetoothReading'),(478,19,209,'BluetoothReading'),(479,19,210,'BluetoothReading'),(480,19,211,'BluetoothReading'),(481,19,212,'BluetoothReading'),(482,19,213,'BluetoothReading'),(483,19,214,'BluetoothReading'),(484,19,215,'BluetoothReading'),(485,19,216,'BluetoothReading'),(486,19,217,'BluetoothReading'),(487,19,218,'BluetoothReading'),(488,19,219,'BluetoothReading'),(489,19,220,'BluetoothReading'),(490,19,221,'BluetoothReading'),(491,19,222,'BluetoothReading'),(557,21,283,'WiFiReading'),(558,21,284,'WiFiReading'),(559,21,285,'WiFiReading'),(560,21,286,'WiFiReading'),(561,21,287,'WiFiReading'),(562,21,288,'WiFiReading'),(563,21,289,'WiFiReading'),(564,21,290,'WiFiReading'),(565,21,291,'WiFiReading'),(566,21,292,'WiFiReading'),(567,21,293,'WiFiReading'),(568,21,294,'WiFiReading'),(569,21,295,'WiFiReading'),(570,21,275,'BluetoothReading'),(571,21,276,'BluetoothReading'),(572,21,277,'BluetoothReading'),(573,21,278,'BluetoothReading'),(574,21,279,'BluetoothReading'),(575,21,280,'BluetoothReading'),(576,21,281,'BluetoothReading'),(577,21,282,'BluetoothReading'),(578,21,283,'BluetoothReading'),(579,21,284,'BluetoothReading'),(580,21,285,'BluetoothReading'),(581,21,286,'BluetoothReading'),(582,21,287,'BluetoothReading'),(583,21,288,'BluetoothReading'),(584,21,289,'BluetoothReading'),(585,21,290,'BluetoothReading'),(586,21,291,'BluetoothReading'),(587,21,292,'BluetoothReading'),(588,21,293,'BluetoothReading'),(589,21,294,'BluetoothReading'),(590,21,295,'BluetoothReading'),(591,21,296,'BluetoothReading'),(592,21,297,'BluetoothReading'),(593,21,298,'BluetoothReading'),(594,21,299,'BluetoothReading'),(595,21,300,'BluetoothReading'),(596,21,301,'BluetoothReading'),(597,21,302,'BluetoothReading'),(598,21,303,'BluetoothReading'),(599,21,304,'BluetoothReading'),(600,21,305,'BluetoothReading'),(601,21,306,'BluetoothReading'),(602,21,307,'BluetoothReading'),(603,21,308,'BluetoothReading'),(604,21,309,'BluetoothReading'),(605,21,310,'BluetoothReading'),(606,21,311,'BluetoothReading'),(607,21,312,'BluetoothReading'),(608,21,313,'BluetoothReading'),(609,21,314,'BluetoothReading'),(610,21,315,'BluetoothReading'),(611,21,316,'BluetoothReading'),(612,21,317,'BluetoothReading'),(613,21,318,'BluetoothReading'),(614,21,319,'BluetoothReading'),(615,21,320,'BluetoothReading'),(616,21,321,'BluetoothReading'),(617,21,322,'BluetoothReading'),(618,21,323,'BluetoothReading'),(619,21,324,'BluetoothReading'),(620,21,325,'BluetoothReading'),(621,21,326,'BluetoothReading'),(622,21,327,'BluetoothReading'),(623,21,328,'BluetoothReading'),(624,21,329,'BluetoothReading'),(625,21,330,'BluetoothReading'),(626,22,296,'WiFiReading'),(627,22,297,'WiFiReading'),(628,22,298,'WiFiReading'),(629,22,299,'WiFiReading'),(630,22,300,'WiFiReading'),(631,22,301,'WiFiReading'),(632,22,302,'WiFiReading'),(633,22,303,'WiFiReading'),(634,22,304,'WiFiReading'),(635,22,305,'WiFiReading'),(636,22,306,'WiFiReading'),(637,22,307,'WiFiReading'),(638,22,308,'WiFiReading'),(639,22,309,'WiFiReading'),(640,22,310,'WiFiReading'),(641,22,331,'BluetoothReading'),(642,22,332,'BluetoothReading'),(643,22,333,'BluetoothReading'),(644,22,334,'BluetoothReading'),(645,22,335,'BluetoothReading'),(646,22,336,'BluetoothReading'),(647,22,337,'BluetoothReading'),(648,22,338,'BluetoothReading'),(649,22,339,'BluetoothReading'),(650,22,340,'BluetoothReading'),(651,22,341,'BluetoothReading'),(652,22,342,'BluetoothReading'),(653,22,343,'BluetoothReading'),(654,22,344,'BluetoothReading'),(655,22,345,'BluetoothReading'),(656,22,346,'BluetoothReading'),(657,22,347,'BluetoothReading'),(658,22,348,'BluetoothReading'),(659,22,349,'BluetoothReading'),(660,22,350,'BluetoothReading'),(661,23,311,'WiFiReading'),(662,23,312,'WiFiReading'),(663,23,313,'WiFiReading'),(664,23,314,'WiFiReading'),(665,23,315,'WiFiReading'),(666,23,316,'WiFiReading'),(667,23,317,'WiFiReading'),(668,23,318,'WiFiReading'),(669,23,319,'WiFiReading'),(670,23,320,'WiFiReading'),(671,23,321,'WiFiReading'),(672,23,322,'WiFiReading'),(673,23,351,'BluetoothReading'),(674,23,352,'BluetoothReading'),(675,23,353,'BluetoothReading'),(676,23,354,'BluetoothReading'),(677,23,355,'BluetoothReading'),(678,23,356,'BluetoothReading'),(679,23,357,'BluetoothReading'),(680,23,358,'BluetoothReading'),(681,23,359,'BluetoothReading'),(682,23,360,'BluetoothReading'),(683,23,361,'BluetoothReading'),(684,23,362,'BluetoothReading'),(685,23,363,'BluetoothReading'),(686,23,364,'BluetoothReading'),(687,23,365,'BluetoothReading'),(688,23,366,'BluetoothReading'),(689,23,367,'BluetoothReading'),(690,23,368,'BluetoothReading'),(691,23,369,'BluetoothReading'),(692,23,370,'BluetoothReading'),(693,23,371,'BluetoothReading'),(694,23,372,'BluetoothReading'),(695,23,373,'BluetoothReading'),(696,23,374,'BluetoothReading'),(697,23,375,'BluetoothReading'),(698,23,376,'BluetoothReading'),(699,23,377,'BluetoothReading'),(700,23,378,'BluetoothReading'),(701,23,379,'BluetoothReading'),(702,23,380,'BluetoothReading'),(703,23,381,'BluetoothReading'),(704,23,382,'BluetoothReading'),(705,23,383,'BluetoothReading'),(706,23,384,'BluetoothReading'),(707,23,385,'BluetoothReading'),(708,23,386,'BluetoothReading'),(709,23,387,'BluetoothReading'),(710,23,388,'BluetoothReading'),(711,23,389,'BluetoothReading'),(712,23,390,'BluetoothReading'),(713,23,391,'BluetoothReading'),(714,24,323,'WiFiReading'),(715,24,324,'WiFiReading'),(716,24,325,'WiFiReading'),(717,24,326,'WiFiReading'),(718,24,327,'WiFiReading'),(719,24,328,'WiFiReading'),(720,24,329,'WiFiReading'),(721,24,330,'WiFiReading'),(722,24,331,'WiFiReading'),(723,24,332,'WiFiReading'),(724,24,333,'WiFiReading'),(725,24,334,'WiFiReading'),(726,24,335,'WiFiReading'),(727,24,336,'WiFiReading'),(728,24,337,'WiFiReading'),(729,24,338,'WiFiReading'),(730,24,339,'WiFiReading'),(731,24,340,'WiFiReading'),(732,24,341,'WiFiReading'),(733,24,342,'WiFiReading'),(734,24,343,'WiFiReading'),(735,24,344,'WiFiReading'),(736,24,345,'WiFiReading'),(737,24,346,'WiFiReading'),(738,24,347,'WiFiReading'),(739,24,348,'WiFiReading'),(740,24,349,'WiFiReading'),(741,24,350,'WiFiReading'),(742,24,351,'WiFiReading'),(743,25,352,'WiFiReading'),(744,25,353,'WiFiReading'),(745,25,354,'WiFiReading'),(746,25,355,'WiFiReading'),(747,25,356,'WiFiReading'),(748,25,357,'WiFiReading'),(749,25,358,'WiFiReading'),(750,25,359,'WiFiReading'),(751,25,360,'WiFiReading'),(752,25,361,'WiFiReading'),(753,25,362,'WiFiReading'),(754,25,363,'WiFiReading'),(755,25,364,'WiFiReading'),(756,25,365,'WiFiReading'),(757,25,366,'WiFiReading'),(758,25,367,'WiFiReading'),(759,25,368,'WiFiReading'),(760,25,369,'WiFiReading'),(761,25,370,'WiFiReading'),(762,25,371,'WiFiReading'),(763,26,372,'WiFiReading'),(764,26,373,'WiFiReading'),(765,26,374,'WiFiReading'),(766,26,375,'WiFiReading'),(767,26,376,'WiFiReading'),(768,26,377,'WiFiReading'),(769,26,378,'WiFiReading'),(770,26,379,'WiFiReading'),(771,26,380,'WiFiReading'),(772,26,381,'WiFiReading'),(773,26,382,'WiFiReading'),(774,26,383,'WiFiReading'),(775,26,384,'WiFiReading'),(776,26,385,'WiFiReading'),(777,26,386,'WiFiReading'),(778,26,387,'WiFiReading'),(779,26,388,'WiFiReading'),(780,26,389,'WiFiReading'),(781,26,390,'WiFiReading'),(782,26,391,'WiFiReading'),(783,26,392,'WiFiReading'),(784,26,393,'WiFiReading'),(785,26,394,'WiFiReading'),(786,26,395,'WiFiReading'),(787,26,396,'WiFiReading'),(788,26,397,'WiFiReading'),(789,26,398,'WiFiReading'),(790,26,399,'WiFiReading'),(791,26,400,'WiFiReading'),(792,26,401,'WiFiReading'),(793,26,402,'WiFiReading'),(815,28,424,'WiFiReading'),(816,28,425,'WiFiReading'),(817,28,426,'WiFiReading'),(818,28,427,'WiFiReading'),(819,28,428,'WiFiReading'),(820,28,429,'WiFiReading'),(821,28,430,'WiFiReading'),(822,28,431,'WiFiReading'),(823,28,432,'WiFiReading'),(824,28,433,'WiFiReading'),(825,28,434,'WiFiReading'),(826,28,435,'WiFiReading'),(827,28,436,'WiFiReading'),(828,28,437,'WiFiReading'),(829,28,438,'WiFiReading'),(830,28,439,'WiFiReading'),(831,28,440,'WiFiReading'),(832,28,441,'WiFiReading'),(833,28,442,'WiFiReading'),(834,28,443,'WiFiReading'),(835,28,444,'WiFiReading'),(836,28,445,'WiFiReading'),(837,28,446,'WiFiReading'),(838,28,447,'WiFiReading'),(839,28,448,'WiFiReading'),(840,28,449,'WiFiReading'),(841,29,450,'WiFiReading'),(842,29,451,'WiFiReading'),(843,29,452,'WiFiReading'),(844,29,453,'WiFiReading'),(845,29,454,'WiFiReading'),(846,29,455,'WiFiReading'),(847,29,456,'WiFiReading'),(848,29,457,'WiFiReading'),(849,29,458,'WiFiReading'),(850,29,459,'WiFiReading'),(851,29,460,'WiFiReading'),(852,29,461,'WiFiReading'),(853,29,462,'WiFiReading'),(854,29,463,'WiFiReading'),(855,29,464,'WiFiReading'),(856,29,465,'WiFiReading'),(857,29,466,'WiFiReading'),(858,29,467,'WiFiReading'),(859,29,468,'WiFiReading'),(860,29,469,'WiFiReading'),(861,29,470,'WiFiReading'),(862,29,471,'WiFiReading'),(863,29,472,'WiFiReading'),(864,29,473,'WiFiReading'),(865,29,474,'WiFiReading'),(866,29,475,'WiFiReading'),(867,29,476,'WiFiReading'),(868,29,477,'WiFiReading'),(869,30,478,'WiFiReading'),(870,30,479,'WiFiReading'),(871,30,480,'WiFiReading'),(872,30,481,'WiFiReading'),(873,30,482,'WiFiReading'),(874,30,483,'WiFiReading'),(875,30,484,'WiFiReading'),(876,30,485,'WiFiReading'),(877,30,486,'WiFiReading'),(878,30,487,'WiFiReading'),(879,30,488,'WiFiReading'),(880,30,489,'WiFiReading'),(881,30,490,'WiFiReading'),(882,30,491,'WiFiReading'),(883,30,492,'WiFiReading'),(884,30,493,'WiFiReading'),(885,30,494,'WiFiReading'),(886,30,495,'WiFiReading'),(887,30,496,'WiFiReading'),(888,30,497,'WiFiReading'),(889,30,498,'WiFiReading'),(890,30,499,'WiFiReading'),(891,30,500,'WiFiReading'),(892,30,501,'WiFiReading'),(893,30,502,'WiFiReading'),(894,30,503,'WiFiReading'),(895,30,504,'WiFiReading'),(896,30,505,'WiFiReading');
/*!40000 ALTER TABLE `readinginmeasurement` ENABLE KEYS */;
UNLOCK TABLES;

--
-- Table structure for table `wifireading`
--

DROP TABLE IF EXISTS `wifireading`;
/*!40101 SET @saved_cs_client     = @@character_set_client */;
/*!40101 SET character_set_client = utf8 */;
CREATE TABLE `wifireading` (
  `wifiReadingId` int(10) unsigned NOT NULL AUTO_INCREMENT,
  `bssid` varchar(45) DEFAULT NULL,
  `ssid` varchar(45) DEFAULT NULL,
  `rssi` int(10) DEFAULT NULL,
  `wepEnabled` tinyint(1) DEFAULT NULL,
  `isInfrastructure` tinyint(1) DEFAULT NULL,
  PRIMARY KEY (`wifiReadingId`)
) ENGINE=InnoDB AUTO_INCREMENT=518 DEFAULT CHARSET=latin1;
/*!40101 SET character_set_client = @saved_cs_client */;

--
-- Dumping data for table `wifireading`
--

LOCK TABLES `wifireading` WRITE;
/*!40000 ALTER TABLE `wifireading` DISABLE KEYS */;
INSERT INTO `wifireading` VALUES (14,'68:86:a7:56:a3:af','SJSU_premier',-66,1,0),(15,'b4:e9:b0:b4:28:af','SJSU_premier',-50,1,0),(16,'68:86:a7:56:a3:ad','SJSU_Guest',-66,0,0),(17,'68:86:a7:d7:9f:4f','SJSU_premier',-72,1,0),(18,'b4:e9:b0:b4:28:ad','SJSU_Guest',-50,0,0),(19,'68:86:a7:d7:9f:4d','SJSU_Guest',-72,0,0),(20,'b4:e9:b0:ee:a1:df','SJSU_premier',-71,1,0),(21,'b4:e9:b0:ee:a1:dd','SJSU_Guest',-72,0,0),(22,'68:86:a7:30:89:0f','SJSU_premier',-83,1,0),(23,'68:86:a7:30:89:0d','SJSU_Guest',-82,0,0),(24,'68:86:a7:d7:9f:40','SJSU_premier',-68,1,0),(25,'b4:e9:b0:b4:b8:e2','SJSU_Guest',-69,0,0),(26,'b4:e9:b0:b4:b8:ef','SJSU_premier',-88,1,0),(27,'68:86:a7:d7:9f:42','SJSU_Guest',-65,0,0),(28,'68:86:a7:56:a3:af','SJSU_premier',-65,1,0),(35,'b4:e9:b0:ee:a1:dd','SJSU_Guest',-62,0,0),(36,'68:86:a7:30:89:0f','SJSU_premier',-85,1,0),(37,'68:86:a7:30:89:0d','SJSU_Guest',-84,0,0),(38,'68:86:a7:56:a8:d0','SJSU_premier',-90,1,0),(39,'b4:e9:b0:b4:28:a2','SJSU_Guest',-58,0,0),(40,'b4:e9:b0:b4:b8:e2','SJSU_Guest',-77,0,0),(41,'b4:e9:b0:b4:ec:62','SJSU_Guest',-78,0,0),(42,'b4:e9:b0:b4:ec:6d','SJSU_Guest',-88,0,0),(43,'68:86:a7:56:a3:af','SJSU_premier',-52,1,0),(44,'68:86:a7:56:a3:ad','SJSU_Guest',-53,0,0),(45,'b4:e9:b0:b4:28:ad','SJSU_Guest',-77,0,0),(46,'68:86:a7:d7:9f:4d','SJSU_Guest',-86,0,0),(47,'b4:e9:b0:ee:a1:df','SJSU_premier',-73,1,0),(48,'b4:e9:b0:ee:a1:dd','SJSU_Guest',-73,0,0),(49,'68:86:a7:30:89:0f','SJSU_premier',-62,1,0),(50,'68:86:a7:30:89:0d','SJSU_Guest',-62,0,0),(51,'68:86:a7:56:a8:df','SJSU_premier',-87,1,0),(52,'b4:e9:b0:b4:ec:60','SJSU_premier',-68,1,0),(53,'b4:e9:b0:b4:28:af','SJSU_premier',-77,1,0),(54,'68:86:a7:30:8e:d0','SJSU_premier',-81,1,0),(55,'68:86:a7:30:89:02','SJSU_Guest',-53,0,0),(56,'b4:e9:b0:b4:ec:62','SJSU_Guest',-67,0,0),(57,'68:86:a7:30:8e:df','SJSU_premier',-86,1,0),(58,'68:86:a7:56:a3:82','SJSU_Guest',-74,0,0),(70,'68:86:a7:30:8e:dd','SJSU_Guest',-85,0,0),(71,'68:86:a7:56:a8:dd','SJSU_Guest',-84,0,0),(72,'68:86:a7:d7:9f:4f','SJSU_premier',-87,1,0),(73,'68:86:a7:56:a8:d2','SJSU_Guest',-74,0,0),(74,'68:86:a7:d7:9f:4d','SJSU_Guest',-88,0,0),(75,'68:86:a7:d7:9f:42','SJSU_Guest',-88,0,0),(101,'68:86:a7:56:a3:af','SJSU_premier',-61,1,0),(102,'68:86:a7:56:a3:ad','SJSU_Guest',-61,0,0),(103,'b4:e9:b0:b4:28:ad','SJSU_Guest',-80,0,0),(104,'b4:e9:b0:ee:a1:df','SJSU_premier',-90,1,0),(105,'b4:e9:b0:ee:a1:dd','SJSU_Guest',-90,0,0),(106,'b4:e9:b0:b4:28:af','SJSU_premier',-78,1,0),(107,'b4:e9:b0:b4:b8:ed','SJSU_Guest',-70,0,0),(108,'b4:e9:b0:b4:28:a2','SJSU_Guest',-72,0,0),(109,'68:86:a7:56:a8:dd','SJSU_Guest',-71,0,0),(110,'b4:e9:b0:b4:b8:ef','SJSU_premier',-71,1,0),(111,'68:86:a7:30:8e:dd','SJSU_Guest',-69,0,0),(112,'68:86:a7:56:a8:df','SJSU_premier',-71,1,0),(113,'68:86:a7:30:8e:df','SJSU_premier',-69,1,0),(114,'b4:e9:b0:b2:2e:6f','SJSU_premier',-91,1,0),(115,'68:86:a7:56:a3:82','SJSU_Guest',-81,0,0),(116,'b4:e9:b0:ef:55:32','SJSU_Guest',-87,0,0),(117,'68:86:a7:30:89:0f','SJSU_premier',-78,1,0),(118,'68:86:a7:30:89:0d','SJSU_Guest',-77,0,0),(119,'68:86:a7:56:bb:3d','SJSU_Guest',-88,0,0),(120,'68:86:a7:1c:ba:fd','SJSU_Guest',-89,0,0),(121,'68:86:a7:56:a3:8d','SJSU_Guest',-90,0,0),(122,'68:86:a7:56:a3:af','SJSU_premier',-68,1,0),(123,'68:86:a7:56:a3:ad','SJSU_Guest',-77,0,0),(124,'b4:e9:b0:b4:b8:ed','SJSU_Guest',-87,0,0),(125,'68:86:a7:30:8e:dd','SJSU_Guest',-77,0,0),(126,'68:86:a7:30:8e:df','SJSU_premier',-77,1,0),(127,'68:86:a7:56:bb:30','SJSU_premier',-83,1,0),(128,'b4:e9:b0:b2:2e:60','SJSU_premier',-90,1,0),(129,'68:86:a7:56:a8:d2','SJSU_Guest',-64,0,0),(130,'68:86:a7:30:8e:d2','SJSU_Guest',-68,0,0),(131,'b4:e9:b0:b4:c6:7d','SJSU_Guest',-90,0,0),(132,'68:86:a7:1c:ba:fd','SJSU_Guest',-76,0,0),(133,'68:86:a7:56:a3:8f','SJSU_premier',-61,1,0),(134,'68:86:a7:56:a8:df','SJSU_premier',-73,1,0),(135,'68:86:a7:30:89:0f','SJSU_premier',-86,1,0),(136,'b4:e9:b0:ef:55:20','SJSU_premier',-85,1,0),(137,'68:86:a7:56:a3:8d','SJSU_Guest',-61,0,0),(138,'68:86:a7:56:a8:dd','SJSU_Guest',-74,0,0),(139,'68:86:a7:30:89:0d','SJSU_Guest',-86,0,0),(140,'68:86:a7:30:8e:dd','SJSU_Guest',-74,0,0),(141,'68:86:a7:30:8e:df','SJSU_premier',-88,1,0),(142,'68:86:a7:1c:ba:fd','SJSU_Guest',-70,0,0),(143,'68:86:a7:56:a3:8f','SJSU_premier',-76,1,0),(144,'68:86:a7:56:a8:df','SJSU_premier',-67,1,0),(145,'68:86:a7:30:89:0f','SJSU_premier',-89,1,0),(146,'b4:e9:b0:ef:55:20','SJSU_premier',-61,1,0),(147,'68:86:a7:56:a3:8d','SJSU_Guest',-77,0,0),(148,'68:86:a7:56:a8:dd','SJSU_Guest',-67,0,0),(149,'68:86:a7:30:89:0d','SJSU_Guest',-91,0,0),(150,'68:86:a7:56:a8:d0','SJSU_premier',-64,1,0),(151,'b4:e9:b0:ef:55:2f','SJSU_premier',-63,1,0),(152,'68:86:a7:56:a3:80','SJSU_premier',-57,1,0),(153,'68:86:a7:30:8e:d0','SJSU_premier',-71,1,0),(154,'68:86:a7:30:89:02','SJSU_Guest',-67,0,0),(155,'b4:e9:b0:ef:55:22','SJSU_Guest',-83,0,0),(156,'68:86:a7:56:bb:30','SJSU_premier',-53,1,0),(157,'b4:e9:b0:ef:55:30','SJSU_premier',-88,1,0),(158,'b4:e9:b0:b4:c6:70','SJSU_premier',-88,1,0),(159,'b4:e9:b0:ef:55:2d','SJSU_Guest',-64,0,0),(160,'b4:e9:b0:b4:d7:80','SJSU_MyDevice',-71,0,0),(161,'b4:e9:b0:b4:d7:8f','SJSU_MyDevice',-78,0,0),(162,'68:86:a7:1c:b5:e2','SJSU_Guest',-87,0,0),(220,'68:86:a7:56:a3:8f','SJSU_premier',-47,1,0),(221,'68:86:a7:1c:ba:ff','SJSU_premier',-53,1,0),(222,'b4:e9:b0:ef:55:3f','SJSU_premier',-76,1,0),(283,'68:86:a7:56:a3:8f','SJSU_premier',-74,1,0),(284,'68:86:a7:1c:ba:ff','SJSU_premier',-63,1,0),(285,'b4:e9:b0:ef:55:3f','SJSU_premier',-64,1,0),(286,'68:86:a7:1c:ba:fd','SJSU_Guest',-63,0,0),(287,'b4:e9:b0:ef:55:3d','SJSU_Guest',-64,0,0),(288,'b4:e9:b0:ef:55:2f','SJSU_premier',-42,1,0),(289,'68:86:a7:56:a3:8d','SJSU_Guest',-74,0,0),(290,'b4:e9:b0:ef:55:2d','SJSU_Guest',-41,0,0),(291,'b4:e9:b0:b4:d7:8f','SJSU_MyDevice',-72,0,0),(292,'68:86:a7:1c:b5:ef','SJSU_premier',-86,1,0),(293,'68:86:a7:56:bb:3d','SJSU_Guest',-82,0,0),(294,'b4:e9:b0:ef:55:20','SJSU_premier',-33,1,0),(295,'68:86:a7:56:bb:3f','SJSU_premier',-88,1,0),(296,'68:86:a7:56:a3:8f','SJSU_premier',-83,1,0),(297,'b4:e9:b0:ef:55:2f','SJSU_premier',-66,1,0),(298,'68:86:a7:56:a3:8d','SJSU_Guest',-78,0,0),(299,'b4:e9:b0:ef:55:2d','SJSU_Guest',-66,0,0),(300,'b4:e9:b0:b4:d7:8f','SJSU_MyDevice',-84,0,0),(301,'68:86:a7:30:8e:df','SJSU_premier',-51,1,0),(302,'68:86:a7:56:bb:30','SJSU_premier',-78,1,0),(303,'68:86:a7:30:8e:dd','SJSU_Guest',-51,0,0),(304,'68:86:a7:56:a8:d2','SJSU_Guest',-47,0,0),(305,'68:86:a7:30:8e:d2','SJSU_Guest',-49,0,0),(306,'b4:e9:b0:b4:28:a2','SJSU_Guest',-79,0,0),(307,'68:86:a7:56:a8:df','SJSU_premier',-45,1,0),(308,'68:86:a7:56:a3:af','SJSU_premier',-79,1,0),(309,'68:86:a7:56:a8:dd','SJSU_Guest',-45,0,0),(310,'68:86:a7:56:a3:ad','SJSU_Guest',-78,0,0),(311,'68:86:a7:56:a3:8f','SJSU_premier',-83,1,0),(312,'68:86:a7:30:8e:df','SJSU_premier',-42,1,0),(313,'68:86:a7:56:bb:30','SJSU_premier',-78,1,0),(314,'68:86:a7:30:8e:dd','SJSU_Guest',-42,0,0),(315,'68:86:a7:56:a8:d2','SJSU_Guest',-56,0,0),(316,'68:86:a7:30:8e:d2','SJSU_Guest',-43,0,0),(317,'68:86:a7:56:a8:df','SJSU_premier',-51,1,0),(318,'68:86:a7:56:a3:af','SJSU_premier',-79,1,0),(319,'68:86:a7:56:a8:dd','SJSU_Guest',-51,0,0),(320,'68:86:a7:56:a3:ad','SJSU_Guest',-78,0,0),(321,'68:86:a7:30:89:0f','SJSU_premier',-87,1,0),(322,'68:86:a7:30:89:0d','SJSU_Guest',-86,0,0),(323,'b4:e9:b0:b4:b8:ef','SJSU_premier',-83,1,0),(324,'b4:e9:b0:b4:c6:7f','SJSU_premier',-43,1,0),(325,'68:86:a7:d7:9f:40','SJSU_premier',-65,1,0),(326,'b4:e9:b0:ef:55:7f','SJSU_premier',-55,1,0),(327,'b4:e9:b0:ef:17:60','SJSU_premier',-71,1,0),(328,'b4:e9:b0:b2:15:df','SJSU_premier',-79,1,0),(329,'b4:e9:b0:ef:6b:8f','SJSU_premier',-71,1,0),(330,'68:86:a7:d7:a1:5f','SJSU_premier',-90,1,0),(331,'b4:e9:b0:b2:15:90','SJSU_premier',-85,1,0),(332,'b4:e9:b0:b2:2e:60','SJSU_premier',-89,1,0),(333,'b4:e9:b0:b4:c6:7d','SJSU_Guest',-43,0,0),(334,'b4:e9:b0:b4:b8:ed','SJSU_Guest',-63,0,0),(335,'b4:e9:b0:ef:55:7d','SJSU_Guest',-56,0,0),(336,'b4:e9:b0:b4:28:ad','SJSU_Guest',-73,0,0),(337,'b4:e9:b0:ef:17:62','SJSU_Guest',-71,0,0),(338,'68:86:a7:d7:9f:4d','SJSU_Guest',-87,0,0),(339,'b4:e9:b0:b2:15:9d','SJSU_Guest',-90,0,0),(340,'68:86:a7:30:9a:52','SJSU_Guest',-85,0,0),(341,'b4:e9:b0:ee:91:20','SJSU_premier',-62,1,0),(342,'b4:e9:b0:b4:b8:e0','SJSU_premier',-76,1,0),(343,'b4:e9:b0:b4:28:af','SJSU_premier',-88,1,0),(344,'b4:e9:b0:ee:91:2d','SJSU_Guest',-74,0,0),(345,'b4:e9:b0:b2:15:92','SJSU_Guest',-82,0,0),(346,'b4:e9:b0:b4:c6:72','SJSU_Guest',-45,0,0),(347,'b4:e9:b0:ef:6b:8d','SJSU_Guest',-72,0,0),(348,'b4:e9:b0:ef:17:6d','SJSU_Guest',-73,0,0),(349,'b4:e9:b0:b2:15:dd','SJSU_Guest',-80,0,0),(350,'b4:e9:b0:b4:b8:e2','SJSU_Guest',-79,0,0),(351,'b4:e9:b0:b4:e5:2d','SJSU_Guest',-90,0,0),(352,'b4:e9:b0:b4:c6:7f','SJSU_premier',-58,1,0),(353,'b4:e9:b0:ef:55:7f','SJSU_premier',-66,1,0),(354,'b4:e9:b0:ef:6b:8f','SJSU_premier',-78,1,0),(355,'b4:e9:b0:b4:c6:7d','SJSU_Guest',-58,0,0),(356,'b4:e9:b0:ef:55:7d','SJSU_Guest',-66,0,0),(357,'b4:e9:b0:ee:91:20','SJSU_premier',-66,1,0),(358,'b4:e9:b0:b4:c6:72','SJSU_Guest',-46,0,0),(359,'b4:e9:b0:ef:6b:8d','SJSU_Guest',-73,0,0),(360,'b4:e9:b0:ef:17:6f','SJSU_premier',-71,1,0),(361,'b4:e9:b0:b2:0c:af','SJSU_premier',-88,1,0),(362,'b4:e9:b0:b4:e5:2f','SJSU_premier',-90,1,0),(363,'68:86:a7:d7:99:90','SJSU_premier',-91,1,0),(364,'68:86:a7:d7:a1:5d','SJSU_Guest',-87,0,0),(365,'68:86:a7:30:9a:5d','SJSU_Guest',-89,0,0),(366,'cc:d5:39:89:29:0f','SJSU_premier',-75,1,0),(367,'b4:e9:b0:b2:15:90','SJSU_premier',-74,1,0),(368,'b4:e9:b0:b4:db:30','SJSU_premier',-92,1,0),(369,'b4:e9:b0:ee:91:2d','SJSU_Guest',-72,0,0),(370,'b4:e9:b0:b2:15:dd','SJSU_Guest',-73,0,0),(371,'68:86:a7:d7:99:9d','SJSU_Guest',-89,0,0),(372,'b4:e9:b0:b4:c6:7f','SJSU_premier',-45,1,0),(373,'b4:e9:b0:ef:55:7f','SJSU_premier',-88,1,0),(374,'b4:e9:b0:ef:6b:8f','SJSU_premier',-72,1,0),(375,'b4:e9:b0:b4:c6:7d','SJSU_Guest',-77,0,0),(376,'b4:e9:b0:ef:55:7d','SJSU_Guest',-89,0,0),(377,'b4:e9:b0:b4:c6:72','SJSU_Guest',-49,0,0),(378,'b4:e9:b0:ef:6b:8d','SJSU_Guest',-73,0,0),(379,'b4:e9:b0:b2:0c:af','SJSU_premier',-86,1,0),(380,'b4:e9:b0:ee:91:2d','SJSU_Guest',-71,0,0),(381,'b4:e9:b0:ee:91:2f','SJSU_premier',-71,1,0),(382,'b4:e9:b0:b4:28:a0','SJSU_premier',-83,1,0),(383,'b4:e9:b0:b2:15:9f','SJSU_premier',-88,1,0),(384,'68:86:a7:30:8e:d0','SJSU_premier',-90,1,0),(385,'f0:29:29:2a:e7:00','SJSU_premier',-92,1,0),(386,'b4:e9:b0:ef:17:6d','SJSU_Guest',-70,0,0),(387,'b4:e9:b0:b4:b8:e2','SJSU_Guest',-79,0,0),(388,'cc:d5:39:89:29:0d','SJSU_Guest',-83,0,0),(389,'b4:e9:b0:b4:b8:e0','SJSU_premier',-57,1,0),(390,'68:86:a7:d7:9f:40','SJSU_premier',-44,1,0),(391,'68:86:a7:d7:9f:4f','SJSU_premier',-57,1,0),(392,'b4:e9:b0:b4:28:af','SJSU_premier',-65,1,0),(393,'68:86:a7:d7:a1:5f','SJSU_premier',-74,1,0),(394,'b4:e9:b0:b2:2e:6f','SJSU_premier',-78,1,0),(395,'b4:e9:b0:ee:a1:df','SJSU_premier',-79,1,0),(396,'68:86:a7:d7:a1:50','SJSU_premier',-75,1,0),(397,'68:86:a7:d7:9f:4d','SJSU_Guest',-57,0,0),(398,'b4:e9:b0:b4:28:ad','SJSU_Guest',-65,0,0),(399,'68:86:a7:d7:a1:5d','SJSU_Guest',-74,0,0),(400,'b4:e9:b0:b2:2e:6d','SJSU_Guest',-78,0,0),(401,'b4:e9:b0:ee:a1:dd','SJSU_Guest',-79,0,0),(402,'68:86:a7:1c:c8:e2','SJSU_Guest',-82,0,0),(424,'b4:e9:b0:ef:55:7f','SJSU_premier',-79,1,0),(425,'b4:e9:b0:b4:28:af','SJSU_premier',-78,1,0),(426,'b4:e9:b0:ee:a1:df','SJSU_premier',-90,1,0),(427,'b4:e9:b0:b4:28:ad','SJSU_Guest',-82,0,0),(428,'b4:e9:b0:ee:a1:dd','SJSU_Guest',-88,0,0),(429,'68:86:a7:56:a3:af','SJSU_premier',-88,1,0),(430,'b4:e9:b0:b4:b8:ef','SJSU_premier',-73,1,0),(431,'b4:e9:b0:b4:c6:7f','SJSU_premier',-64,1,0),(432,'68:86:a7:30:8e:d0','SJSU_premier',-84,1,0),(433,'68:86:a7:56:a8:d0','SJSU_premier',-87,1,0),(434,'b4:e9:b0:b4:b8:ed','SJSU_Guest',-72,0,0),(435,'b4:e9:b0:b4:c6:7d','SJSU_Guest',-64,0,0),(436,'b4:e9:b0:b4:c6:72','SJSU_Guest',-54,0,0),(437,'b4:e9:b0:ef:55:7d','SJSU_Guest',-79,0,0),(438,'b4:e9:b0:ef:6b:8d','SJSU_Guest',-88,0,0),(439,'b4:e9:b0:ef:6b:82','SJSU_Guest',-90,0,0),(440,'68:86:a7:56:a8:df','SJSU_premier',-88,1,0),(441,'b4:e9:b0:ef:6b:8f','SJSU_premier',-88,1,0),(442,'b4:e9:b0:ef:17:6d','SJSU_Guest',-90,0,0),(443,'b4:e9:b0:b4:b8:e0','SJSU_premier',-62,1,0),(444,'68:86:a7:30:8e:df','SJSU_premier',-87,1,0),(445,'b4:e9:b0:ef:55:70','SJSU_premier',-71,1,0),(446,'b4:e9:b0:ef:6b:80','SJSU_premier',-91,1,0),(447,'b4:e9:b0:b2:2e:60','SJSU_premier',-93,1,0),(448,'b4:e9:b0:ef:17:62','SJSU_Guest',-82,0,0),(449,'b4:e9:b0:ee:91:20','SJSU_premier',-86,1,0),(450,'b4:e9:b0:ef:55:7f','SJSU_premier',-55,1,0),(451,'b4:e9:b0:b4:28:ad','SJSU_Guest',-78,0,0),(452,'b4:e9:b0:b4:b8:ef','SJSU_premier',-68,1,0),(453,'b4:e9:b0:b4:c6:7f','SJSU_premier',-65,1,0),(454,'68:86:a7:30:8e:d0','SJSU_premier',-84,1,0),(455,'68:86:a7:56:a8:d0','SJSU_premier',-87,1,0),(456,'b4:e9:b0:b4:b8:ed','SJSU_Guest',-69,0,0),(457,'b4:e9:b0:b4:c6:7d','SJSU_Guest',-65,0,0),(458,'b4:e9:b0:b4:c6:72','SJSU_Guest',-54,0,0),(459,'b4:e9:b0:ef:55:7d','SJSU_Guest',-55,0,0),(460,'b4:e9:b0:ef:6b:8d','SJSU_Guest',-66,0,0),(461,'b4:e9:b0:ef:6b:8f','SJSU_premier',-65,1,0),(462,'b4:e9:b0:ef:55:70','SJSU_premier',-46,1,0),(463,'68:86:a7:56:a8:dd','SJSU_Guest',-87,0,0),(464,'68:86:a7:d7:9f:4d','SJSU_Guest',-90,0,0),(465,'cc:d5:39:89:29:0f','SJSU_premier',-75,1,0),(466,'b4:e9:b0:b2:15:df','SJSU_premier',-78,1,0),(467,'b4:e9:b0:b2:15:9f','SJSU_premier',-80,1,0),(468,'68:86:a7:d7:99:90','SJSU_premier',-82,1,0),(469,'b4:e9:b0:b4:e5:2f','SJSU_premier',-87,1,0),(470,'b4:e9:b0:ee:91:22','SJSU_Guest',-70,0,0),(471,'cc:d5:39:89:29:0d','SJSU_Guest',-75,0,0),(472,'b4:e9:b0:b2:0c:ad','SJSU_Guest',-77,0,0),(473,'b4:e9:b0:b2:15:dd','SJSU_Guest',-78,0,0),(474,'b4:e9:b0:ee:91:2d','SJSU_Guest',-78,0,0),(475,'b4:e9:b0:b2:15:9d','SJSU_Guest',-80,0,0),(476,'68:86:a7:30:9a:5d','SJSU_Guest',-87,0,0),(477,'b4:e9:b0:b2:10:52','SJSU_Guest',-87,0,0),(478,'b4:e9:b0:ef:55:7f','SJSU_premier',-55,1,0),(479,'b4:e9:b0:b4:c6:7f','SJSU_premier',-62,1,0),(480,'b4:e9:b0:b4:c6:7d','SJSU_Guest',-62,0,0),(481,'b4:e9:b0:ef:55:7d','SJSU_Guest',-54,0,0),(482,'b4:e9:b0:ef:6b:8d','SJSU_Guest',-61,0,0),(483,'b4:e9:b0:ef:6b:8f','SJSU_premier',-62,1,0),(484,'b4:e9:b0:b2:15:df','SJSU_premier',-77,1,0),(485,'b4:e9:b0:b2:15:9f','SJSU_premier',-77,1,0),(486,'b4:e9:b0:b2:0c:ad','SJSU_Guest',-76,0,0),(487,'b4:e9:b0:b2:15:dd','SJSU_Guest',-76,0,0),(488,'b4:e9:b0:b2:15:9d','SJSU_Guest',-77,0,0),(489,'b4:e9:b0:ee:91:20','SJSU_premier',-70,1,0),(490,'b4:e9:b0:ef:55:72','SJSU_Guest',-53,0,0),(491,'b4:e9:b0:ef:31:ad','SJSU_Guest',-81,0,0),(492,'b4:e9:b0:b4:b8:e2','SJSU_Guest',-90,0,0),(493,'b4:e9:b0:b2:15:d0','SJSU_premier',-73,1,0),(494,'b4:e9:b0:ef:31:af','SJSU_premier',-81,1,0),(495,'68:86:a7:30:9a:50','SJSU_premier',-79,1,0),(496,'b4:e9:b0:b4:e5:20','SJSU_premier',-84,1,0),(497,'68:86:a7:30:9e:e0','SJSU_premier',-92,1,0),(498,'b4:e9:b0:b4:c6:72','SJSU_Guest',-62,0,0),(499,'b4:e9:b0:b4:e5:2d','SJSU_Guest',-82,0,0),(500,'68:86:a7:d7:99:92','SJSU_Guest',-87,0,0),(501,'b4:e9:b0:ef:31:a2','SJSU_Guest',-88,0,0),(502,'b4:e9:b0:ee:91:2f','SJSU_premier',-77,1,0),(503,'68:86:a7:d7:99:9f','SJSU_premier',-88,1,0),(504,'b4:e9:b0:ef:6b:82','SJSU_Guest',-71,0,0),(505,'68:86:a7:d7:9f:42','SJSU_Guest',-87,0,0);
/*!40000 ALTER TABLE `wifireading` ENABLE KEYS */;
UNLOCK TABLES;
/*!40103 SET TIME_ZONE=@OLD_TIME_ZONE */;

/*!40101 SET SQL_MODE=@OLD_SQL_MODE */;
/*!40014 SET FOREIGN_KEY_CHECKS=@OLD_FOREIGN_KEY_CHECKS */;
/*!40014 SET UNIQUE_CHECKS=@OLD_UNIQUE_CHECKS */;
/*!40101 SET CHARACTER_SET_CLIENT=@OLD_CHARACTER_SET_CLIENT */;
/*!40101 SET CHARACTER_SET_RESULTS=@OLD_CHARACTER_SET_RESULTS */;
/*!40101 SET COLLATION_CONNECTION=@OLD_COLLATION_CONNECTION */;
/*!40111 SET SQL_NOTES=@OLD_SQL_NOTES */;

-- Dump completed on 2016-12-04  3:23:30
