-- MySQL dump 10.13  Distrib 5.7.12, for Win64 (x86_64)
--
-- Host: localhost    Database: redpin
-- ------------------------------------------------------
-- Server version	5.7.16-log

/*!40101 SET @OLD_CHARACTER_SET_CLIENT=@@CHARACTER_SET_CLIENT */;
/*!40101 SET @OLD_CHARACTER_SET_RESULTS=@@CHARACTER_SET_RESULTS */;
/*!40101 SET @OLD_COLLATION_CONNECTION=@@COLLATION_CONNECTION */;
/*!40101 SET NAMES utf8 */;
/*!40103 SET @OLD_TIME_ZONE=@@TIME_ZONE */;
/*!40103 SET TIME_ZONE='+00:00' */;
/*!40014 SET @OLD_UNIQUE_CHECKS=@@UNIQUE_CHECKS, UNIQUE_CHECKS=0 */;
/*!40014 SET @OLD_FOREIGN_KEY_CHECKS=@@FOREIGN_KEY_CHECKS, FOREIGN_KEY_CHECKS=0 */;
/*!40101 SET @OLD_SQL_MODE=@@SQL_MODE, SQL_MODE='NO_AUTO_VALUE_ON_ZERO' */;
/*!40111 SET @OLD_SQL_NOTES=@@SQL_NOTES, SQL_NOTES=0 */;

--
-- Table structure for table `bletrilaterate`
--

DROP TABLE IF EXISTS `bletrilaterate`;
/*!40101 SET @saved_cs_client     = @@character_set_client */;
/*!40101 SET character_set_client = utf8 */;
CREATE TABLE `bletrilaterate` (
  `mapid` int(11) DEFAULT NULL,
  `locid` int(11) DEFAULT NULL,
  `node1X` int(11) DEFAULT NULL,
  `node2X` int(11) DEFAULT NULL,
  `node3X` int(11) DEFAULT NULL,
  `node1Y` int(11) DEFAULT NULL,
  `node2Y` int(11) DEFAULT NULL,
  `node3Y` int(11) DEFAULT NULL,
  `primarykey` int(11) NOT NULL,
  `node1` varchar(45) DEFAULT NULL,
  `node2` varchar(45) DEFAULT NULL,
  `node3` varchar(45) DEFAULT NULL,
  `blename1` varchar(45) DEFAULT NULL,
  `blename2` varchar(45) DEFAULT NULL,
  `blename3` varchar(45) DEFAULT NULL,
  PRIMARY KEY (`primarykey`)
) ENGINE=InnoDB DEFAULT CHARSET=latin1;
/*!40101 SET character_set_client = @saved_cs_client */;

--
-- Dumping data for table `bletrilaterate`
--

LOCK TABLES `bletrilaterate` WRITE;
/*!40000 ALTER TABLE `bletrilaterate` DISABLE KEYS */;
INSERT INTO `bletrilaterate` VALUES (2,5,144,225,224,505,472,530,1,'tp','NAV','HOMEPC',NULL,NULL,NULL),(1,2,323,432,234,342,233,665,2,'ble21','ble22','ble23',NULL,NULL,NULL);
/*!40000 ALTER TABLE `bletrilaterate` ENABLE KEYS */;
UNLOCK TABLES;

--
-- Table structure for table `bluetoothfingerprint`
--

DROP TABLE IF EXISTS `bluetoothfingerprint`;
/*!40101 SET @saved_cs_client     = @@character_set_client */;
/*!40101 SET character_set_client = utf8 */;
CREATE TABLE `bluetoothfingerprint` (
  `bluetoothmeasurementid` int(11) NOT NULL AUTO_INCREMENT,
  `locid` int(11) DEFAULT NULL,
  `mapid` int(11) DEFAULT NULL,
  `bluetoothaddress` varchar(45) DEFAULT NULL,
  `mapXCord` int(11) DEFAULT NULL,
  `mapYCord` int(11) DEFAULT NULL,
  `rssi` int(11) DEFAULT NULL,
  PRIMARY KEY (`bluetoothmeasurementid`)
) ENGINE=InnoDB DEFAULT CHARSET=latin1;
/*!40101 SET character_set_client = @saved_cs_client */;

--
-- Dumping data for table `bluetoothfingerprint`
--

LOCK TABLES `bluetoothfingerprint` WRITE;
/*!40000 ALTER TABLE `bluetoothfingerprint` DISABLE KEYS */;
/*!40000 ALTER TABLE `bluetoothfingerprint` ENABLE KEYS */;
UNLOCK TABLES;

--
-- Table structure for table `bluetoothreading`
--

DROP TABLE IF EXISTS `bluetoothreading`;
/*!40101 SET @saved_cs_client     = @@character_set_client */;
/*!40101 SET character_set_client = utf8 */;
CREATE TABLE `bluetoothreading` (
  `bluetoothReadingId` int(10) unsigned NOT NULL AUTO_INCREMENT,
  `friendlyName` varchar(45) DEFAULT NULL,
  `bluetoothAddress` varchar(45) DEFAULT NULL,
  `majorDeviceClass` varchar(45) DEFAULT NULL,
  `minorDeviceClass` varchar(45) DEFAULT NULL,
  PRIMARY KEY (`bluetoothReadingId`)
) ENGINE=InnoDB AUTO_INCREMENT=67 DEFAULT CHARSET=latin1;
/*!40101 SET character_set_client = @saved_cs_client */;

--
-- Dumping data for table `bluetoothreading`
--

LOCK TABLES `bluetoothreading` WRITE;
/*!40000 ALTER TABLE `bluetoothreading` DISABLE KEYS */;
INSERT INTO `bluetoothreading` VALUES (1,'MotoG3','84:10:0D:BE:E4:B2','-71','0'),(2,'MotoG3','84:10:0D:BE:E4:B2','-71','0'),(3,'MotoG3','84:10:0D:BE:E4:B2','-71','0'),(4,'MotoG3','84:10:0D:BE:E4:B2','-71','0'),(5,'MotoG3','84:10:0D:BE:E4:B2','-71','0'),(6,'MotoG3','84:10:0D:BE:E4:B2','-71','0'),(7,'MotoG3','84:10:0D:BE:E4:B2','-71','0'),(8,'MotoG3','84:10:0D:BE:E4:B2','-71','0'),(9,'MotoG3','84:10:0D:BE:E4:B2','-71','0'),(10,'MotoG3','84:10:0D:BE:E4:B2','-71','0'),(11,'MotoG3','84:10:0D:BE:E4:B2','-71','0'),(12,'MotoG3','84:10:0D:BE:E4:B2','-71','0'),(13,'MotoG3','84:10:0D:BE:E4:B2','-71','0'),(14,'MotoG3','84:10:0D:BE:E4:B2','-71','0'),(15,'MotoG3','84:10:0D:BE:E4:B2','-71','0'),(16,'MotoG3','84:10:0D:BE:E4:B2','-71','0'),(17,'MotoG3','84:10:0D:BE:E4:B2','-71','0'),(18,'MotoG3','84:10:0D:BE:E4:B2','-71','0'),(19,'MotoG3','84:10:0D:BE:E4:B2','-71','0'),(20,'MotoG3','84:10:0D:BE:E4:B2','-71','0'),(21,'MotoG3','84:10:0D:BE:E4:B2','-71','0'),(22,'MotoG3','84:10:0D:BE:E4:B2','-71','0'),(23,'MotoG3','84:10:0D:BE:E4:B2','-71','0'),(24,'MotoG3','84:10:0D:BE:E4:B2','-71','0'),(25,'MotoG3','84:10:0D:BE:E4:B2','-71','0'),(26,'MotoG3','84:10:0D:BE:E4:B2','-71','0'),(27,'MotoG3','84:10:0D:BE:E4:B2','-71','0'),(28,'MotoG3','84:10:0D:BE:E4:B2','-71','0'),(29,'MotoG3','84:10:0D:BE:E4:B2','-71','0'),(30,'MotoG3','84:10:0D:BE:E4:B2','-71','0'),(31,'MotoG3','84:10:0D:BE:E4:B2','-71','0'),(32,'MotoG3','84:10:0D:BE:E4:B2','-71','0'),(33,'MotoG3','84:10:0D:BE:E4:B2','-71','0'),(34,'MotoG3','84:10:0D:BE:E4:B2','-71','0'),(35,'MotoG3','84:10:0D:BE:E4:B2','-71','0'),(36,'MotoG3','84:10:0D:BE:E4:B2','-71','0'),(37,'MotoG3','84:10:0D:BE:E4:B2','-71','0'),(38,'MotoG3','84:10:0D:BE:E4:B2','-71','0'),(39,'MotoG3','84:10:0D:BE:E4:B2','-71','0'),(40,'MotoG3','84:10:0D:BE:E4:B2','-71','0'),(41,'MotoG3','84:10:0D:BE:E4:B2','-71','0'),(42,'MotoG3','84:10:0D:BE:E4:B2','-71','0'),(43,'MotoG3','84:10:0D:BE:E4:B2','-71','0'),(44,'MotoG3','84:10:0D:BE:E4:B2','-71','0'),(45,'MotoG3','84:10:0D:BE:E4:B2','-71','0'),(46,'MotoG3','84:10:0D:BE:E4:B2','-71','0'),(47,'MotoG3','84:10:0D:BE:E4:B2','-71','0'),(48,'MotoG3','84:10:0D:BE:E4:B2','-71','0'),(49,'MotoG3','84:10:0D:BE:E4:B2','-71','0'),(50,'MotoG3','84:10:0D:BE:E4:B2','-71','0'),(51,'MotoG3','84:10:0D:BE:E4:B2','-71','0'),(52,'MotoG3','84:10:0D:BE:E4:B2','-71','0'),(53,'MotoG3','84:10:0D:BE:E4:B2','-71','0'),(54,'MotoG3','84:10:0D:BE:E4:B2','-71','0'),(55,'MotoG3','84:10:0D:BE:E4:B2','-71','0'),(56,'MotoG3','84:10:0D:BE:E4:B2','-71','0'),(57,'MotoG3','84:10:0D:BE:E4:B2','-71','0'),(58,'MotoG3','84:10:0D:BE:E4:B2','-71','0'),(59,'MotoG3','84:10:0D:BE:E4:B2','-71','0'),(60,'MotoG3','84:10:0D:BE:E4:B2','-71','0'),(63,'NAV','F4:06:69:55:53:E2','-42','0'),(64,'NAV','F4:06:69:55:53:E2','-42','0'),(65,'NAV','F4:06:69:55:53:E2','-42','0'),(66,'NAV','F4:06:69:55:53:E2','-42','0');
/*!40000 ALTER TABLE `bluetoothreading` ENABLE KEYS */;
UNLOCK TABLES;

--
-- Table structure for table `fingerprint`
--

DROP TABLE IF EXISTS `fingerprint`;
/*!40101 SET @saved_cs_client     = @@character_set_client */;
/*!40101 SET character_set_client = utf8 */;
CREATE TABLE `fingerprint` (
  `fingerprintId` int(10) unsigned NOT NULL AUTO_INCREMENT,
  `locationId` int(10) unsigned DEFAULT NULL,
  `measurementId` int(10) unsigned DEFAULT NULL,
  PRIMARY KEY (`fingerprintId`),
  KEY `location` (`locationId`),
  KEY `measurement` (`measurementId`),
  CONSTRAINT `location` FOREIGN KEY (`locationId`) REFERENCES `location` (`locationId`) ON DELETE NO ACTION ON UPDATE NO ACTION,
  CONSTRAINT `measurement` FOREIGN KEY (`measurementId`) REFERENCES `measurement` (`measurementId`) ON DELETE NO ACTION ON UPDATE NO ACTION
) ENGINE=InnoDB AUTO_INCREMENT=45 DEFAULT CHARSET=latin1;
/*!40101 SET character_set_client = @saved_cs_client */;

--
-- Dumping data for table `fingerprint`
--

LOCK TABLES `fingerprint` WRITE;
/*!40000 ALTER TABLE `fingerprint` DISABLE KEYS */;
INSERT INTO `fingerprint` VALUES (2,2,2),(3,3,3),(4,4,4),(5,5,5),(6,6,6),(7,7,7),(8,8,8),(9,9,9),(10,10,10),(11,11,11),(12,12,12),(13,13,13),(14,14,14),(15,15,15),(16,16,16),(17,17,17),(18,18,18),(19,19,19),(20,20,20),(21,21,21),(22,22,22),(23,23,23),(24,24,24),(25,25,25),(26,26,26),(27,27,27),(28,28,28),(29,29,29),(30,30,30),(31,31,31),(32,32,32),(33,33,33),(34,34,34),(35,35,35),(36,36,36),(37,37,37),(38,38,38),(39,39,39),(40,40,40),(41,41,42),(43,43,44),(44,44,45);
/*!40000 ALTER TABLE `fingerprint` ENABLE KEYS */;
UNLOCK TABLES;

--
-- Table structure for table `gsmreading`
--

DROP TABLE IF EXISTS `gsmreading`;
/*!40101 SET @saved_cs_client     = @@character_set_client */;
/*!40101 SET character_set_client = utf8 */;
CREATE TABLE `gsmreading` (
  `gsmReadingId` int(10) unsigned NOT NULL AUTO_INCREMENT,
  `cellId` varchar(45) DEFAULT NULL,
  `areaId` varchar(45) DEFAULT NULL,
  `signalStrength` varchar(45) DEFAULT NULL,
  `MCC` varchar(45) DEFAULT NULL,
  `MNC` varchar(45) DEFAULT NULL,
  `networkName` varchar(45) DEFAULT NULL,
  PRIMARY KEY (`gsmReadingId`)
) ENGINE=InnoDB DEFAULT CHARSET=latin1;
/*!40101 SET character_set_client = @saved_cs_client */;

--
-- Dumping data for table `gsmreading`
--

LOCK TABLES `gsmreading` WRITE;
/*!40000 ALTER TABLE `gsmreading` DISABLE KEYS */;
/*!40000 ALTER TABLE `gsmreading` ENABLE KEYS */;
UNLOCK TABLES;

--
-- Table structure for table `location`
--

DROP TABLE IF EXISTS `location`;
/*!40101 SET @saved_cs_client     = @@character_set_client */;
/*!40101 SET character_set_client = utf8 */;
CREATE TABLE `location` (
  `locationId` int(10) unsigned NOT NULL AUTO_INCREMENT,
  `symbolicId` varchar(90) DEFAULT NULL,
  `mapId` int(10) unsigned DEFAULT NULL,
  `mapXCord` int(10) unsigned DEFAULT NULL,
  `mapYCord` int(10) unsigned DEFAULT NULL,
  `accuracy` int(10) unsigned DEFAULT NULL,
  PRIMARY KEY (`locationId`),
  KEY `symbolicId` (`symbolicId`),
  KEY `map` (`mapId`),
  CONSTRAINT `map` FOREIGN KEY (`mapId`) REFERENCES `map` (`mapId`) ON DELETE NO ACTION ON UPDATE NO ACTION
) ENGINE=InnoDB AUTO_INCREMENT=45 DEFAULT CHARSET=latin1;
/*!40101 SET character_set_client = @saved_cs_client */;

--
-- Dumping data for table `location`
--

LOCK TABLES `location` WRITE;
/*!40000 ALTER TABLE `location` DISABLE KEYS */;
INSERT INTO `location` VALUES (2,'hall-349f',2,290,1244,0),(3,'hall-347a',2,286,1001,0),(4,'hall-344',2,285,743,0),(5,'hall-331',2,288,425,0),(6,'room 339',2,390,321,0),(7,'room 336',2,418,531,0),(8,'room 337',2,533,324,0),(9,'hall-333',2,694,419,0),(10,'hall-311',2,949,238,0),(11,'hall-317',2,620,195,0),(12,'hall-323',2,336,199,0),(13,'hall-307',2,1277,232,0),(14,'',2,1490,297,0),(15,'room 303',2,834,892,0),(16,'hall-392',2,1317,628,0),(17,'room 395',2,1339,545,0),(18,'hall-388',2,1321,928,0),(19,'room 387',2,1386,1169,0),(20,'hall-384',2,1118,1239,0),(21,'room 376',2,1001,1163,0),(22,'',2,716,1238,0),(23,'',2,437,1173,0),(24,'abc',1,867,737,0),(25,'hall-141',5,222,398,0),(26,'room-136',5,419,578,0),(27,'hall-132',5,869,412,0),(28,'room 148',5,320,601,0),(29,'hall-155',5,233,882,0),(30,'room-164',5,385,1325,0),(31,'hall-176',5,250,1601,0),(32,'hall-182',5,280,1931,0),(33,'hall-192',5,1083,1944,0),(34,'firstfloor-lift',5,1584,1818,0),(35,'hall-105',5,1691,1629,0),(36,'hall-123',5,1794,324,0),(37,'hall-131',5,1398,968,0),(38,'hall-127',5,1405,1332,0),(39,'hall-189',5,738,2075,0),(40,'room-331',2,175,492,0),(41,'Room-331',2,183,499,0),(43,'kj',2,1267,751,0),(44,'ballroom booth',6,702,803,0);
/*!40000 ALTER TABLE `location` ENABLE KEYS */;
UNLOCK TABLES;

--
-- Table structure for table `map`
--

DROP TABLE IF EXISTS `map`;
/*!40101 SET @saved_cs_client     = @@character_set_client */;
/*!40101 SET character_set_client = utf8 */;
CREATE TABLE `map` (
  `mapId` int(10) unsigned NOT NULL AUTO_INCREMENT,
  `mapName` varchar(45) DEFAULT NULL,
  `mapURL` text,
  PRIMARY KEY (`mapId`)
) ENGINE=InnoDB AUTO_INCREMENT=7 DEFAULT CHARSET=latin1;
/*!40101 SET character_set_client = @saved_cs_client */;

--
-- Dumping data for table `map`
--

LOCK TABLES `map` WRITE;
/*!40000 ALTER TABLE `map` DISABLE KEYS */;
INSERT INTO `map` VALUES (1,'eng312/4','http://i.imgur.com/hEFF5sg.jpg'),(2,'engg3','http://i.imgur.com/hEFF5sg.jpg'),(3,'eng1floor','http://i.imgur.com/rZ1VI5O.jpg'),(4,'eng1floor','http://i.imgur.com/rZ1VI5O.jpg'),(5,'eng-firstfloor','http://i.imgur.com/rZ1VI5O.jpg'),(6,'union 2floor','http://i.imgur.com/GQEM7oJ.jpg');
/*!40000 ALTER TABLE `map` ENABLE KEYS */;
UNLOCK TABLES;

--
-- Table structure for table `measurement`
--

DROP TABLE IF EXISTS `measurement`;
/*!40101 SET @saved_cs_client     = @@character_set_client */;
/*!40101 SET character_set_client = utf8 */;
CREATE TABLE `measurement` (
  `measurementId` int(10) unsigned NOT NULL AUTO_INCREMENT,
  `timestamp` bigint(20) unsigned DEFAULT NULL,
  PRIMARY KEY (`measurementId`)
) ENGINE=InnoDB AUTO_INCREMENT=46 DEFAULT CHARSET=latin1;
/*!40101 SET character_set_client = @saved_cs_client */;

--
-- Dumping data for table `measurement`
--

LOCK TABLES `measurement` WRITE;
/*!40000 ALTER TABLE `measurement` DISABLE KEYS */;
INSERT INTO `measurement` VALUES (1,1480822291079),(2,1480823424512),(3,1480823500763),(4,1480823616730),(5,1480823698743),(6,1480823753044),(7,1480823810660),(8,1480823882043),(9,1480823930156),(10,1480824019616),(11,1480824145502),(12,1480824204373),(13,1480824314452),(14,1480824360665),(15,1480824388814),(16,1480824551573),(17,1480824638952),(18,1480824812775),(19,1480824855776),(20,1480824932005),(21,1480824992905),(22,1480825060969),(23,1480825131274),(24,1480827116489),(25,1480827449518),(26,1480827535973),(27,1480827621500),(28,1480827777210),(29,1480827822853),(30,1480827907912),(31,1480828190500),(32,1480828467012),(33,1480828543280),(34,1480828644622),(35,1480828788734),(36,1480828911882),(37,1480829022513),(38,1480829123233),(39,1480829261259),(40,1481005760420),(41,1481005922116),(42,1481180970431),(43,1481567091230),(44,1481567143651),(45,1481578409250);
/*!40000 ALTER TABLE `measurement` ENABLE KEYS */;
UNLOCK TABLES;

--
-- Table structure for table `readinginmeasurement`
--

DROP TABLE IF EXISTS `readinginmeasurement`;
/*!40101 SET @saved_cs_client     = @@character_set_client */;
/*!40101 SET character_set_client = utf8 */;
CREATE TABLE `readinginmeasurement` (
  `id` int(10) unsigned NOT NULL AUTO_INCREMENT,
  `measurementId` int(10) unsigned NOT NULL,
  `readingId` int(10) unsigned NOT NULL,
  `readingClassName` varchar(255) NOT NULL,
  PRIMARY KEY (`id`),
  KEY `measurement` (`measurementId`),
  KEY `reading` (`readingId`),
  CONSTRAINT `measurementFk` FOREIGN KEY (`measurementId`) REFERENCES `measurement` (`measurementId`) ON DELETE NO ACTION ON UPDATE NO ACTION
) ENGINE=InnoDB AUTO_INCREMENT=1493 DEFAULT CHARSET=latin1;
/*!40101 SET character_set_client = @saved_cs_client */;

--
-- Dumping data for table `readinginmeasurement`
--

LOCK TABLES `readinginmeasurement` WRITE;
/*!40000 ALTER TABLE `readinginmeasurement` DISABLE KEYS */;
INSERT INTO `readinginmeasurement` VALUES (20,2,19,'WiFiReading'),(21,2,20,'WiFiReading'),(22,2,21,'WiFiReading'),(23,2,22,'WiFiReading'),(24,2,23,'WiFiReading'),(25,2,24,'WiFiReading'),(26,2,25,'WiFiReading'),(27,2,26,'WiFiReading'),(28,2,27,'WiFiReading'),(29,2,28,'WiFiReading'),(30,2,29,'WiFiReading'),(31,2,30,'WiFiReading'),(32,2,31,'WiFiReading'),(33,2,32,'WiFiReading'),(34,2,33,'WiFiReading'),(35,2,34,'WiFiReading'),(36,2,35,'WiFiReading'),(37,2,36,'WiFiReading'),(38,2,37,'WiFiReading'),(39,2,38,'WiFiReading'),(40,2,39,'WiFiReading'),(41,3,40,'WiFiReading'),(42,3,41,'WiFiReading'),(43,3,42,'WiFiReading'),(44,3,43,'WiFiReading'),(45,3,44,'WiFiReading'),(46,3,45,'WiFiReading'),(47,3,46,'WiFiReading'),(48,3,47,'WiFiReading'),(49,3,48,'WiFiReading'),(50,3,49,'WiFiReading'),(51,3,50,'WiFiReading'),(52,3,51,'WiFiReading'),(53,3,52,'WiFiReading'),(54,3,53,'WiFiReading'),(55,3,54,'WiFiReading'),(56,3,55,'WiFiReading'),(57,3,56,'WiFiReading'),(58,3,57,'WiFiReading'),(59,3,58,'WiFiReading'),(60,4,59,'WiFiReading'),(61,4,60,'WiFiReading'),(62,4,61,'WiFiReading'),(63,4,62,'WiFiReading'),(64,4,63,'WiFiReading'),(65,4,64,'WiFiReading'),(66,4,65,'WiFiReading'),(67,4,66,'WiFiReading'),(68,4,67,'WiFiReading'),(69,4,68,'WiFiReading'),(70,4,69,'WiFiReading'),(71,4,70,'WiFiReading'),(72,4,71,'WiFiReading'),(73,4,72,'WiFiReading'),(74,4,73,'WiFiReading'),(75,4,74,'WiFiReading'),(76,4,75,'WiFiReading'),(77,4,76,'WiFiReading'),(78,4,77,'WiFiReading'),(79,4,78,'WiFiReading'),(80,4,79,'WiFiReading'),(81,4,80,'WiFiReading'),(82,4,81,'WiFiReading'),(83,4,82,'WiFiReading'),(84,4,83,'WiFiReading'),(85,5,84,'WiFiReading'),(86,5,85,'WiFiReading'),(87,5,86,'WiFiReading'),(88,5,87,'WiFiReading'),(89,5,88,'WiFiReading'),(90,5,89,'WiFiReading'),(91,5,90,'WiFiReading'),(92,5,91,'WiFiReading'),(93,5,92,'WiFiReading'),(94,5,93,'WiFiReading'),(95,5,94,'WiFiReading'),(96,5,95,'WiFiReading'),(97,5,96,'WiFiReading'),(98,5,97,'WiFiReading'),(99,5,98,'WiFiReading'),(100,5,99,'WiFiReading'),(101,5,100,'WiFiReading'),(102,5,101,'WiFiReading'),(103,5,102,'WiFiReading'),(104,5,103,'WiFiReading'),(105,5,104,'WiFiReading'),(106,5,105,'WiFiReading'),(107,5,106,'WiFiReading'),(108,5,107,'WiFiReading'),(109,5,108,'WiFiReading'),(110,6,109,'WiFiReading'),(111,6,110,'WiFiReading'),(112,6,111,'WiFiReading'),(113,6,112,'WiFiReading'),(114,6,113,'WiFiReading'),(115,6,114,'WiFiReading'),(116,6,115,'WiFiReading'),(117,6,116,'WiFiReading'),(118,6,117,'WiFiReading'),(119,6,118,'WiFiReading'),(120,6,119,'WiFiReading'),(121,6,120,'WiFiReading'),(122,6,121,'WiFiReading'),(123,6,122,'WiFiReading'),(124,6,123,'WiFiReading'),(125,6,124,'WiFiReading'),(126,6,125,'WiFiReading'),(127,6,126,'WiFiReading'),(128,6,127,'WiFiReading'),(129,6,128,'WiFiReading'),(130,6,129,'WiFiReading'),(131,6,130,'WiFiReading'),(132,6,131,'WiFiReading'),(133,6,132,'WiFiReading'),(134,6,133,'WiFiReading'),(135,6,134,'WiFiReading'),(136,6,135,'WiFiReading'),(137,6,136,'WiFiReading'),(138,7,137,'WiFiReading'),(139,7,138,'WiFiReading'),(140,7,139,'WiFiReading'),(141,7,140,'WiFiReading'),(142,7,141,'WiFiReading'),(143,7,142,'WiFiReading'),(144,7,143,'WiFiReading'),(145,7,144,'WiFiReading'),(146,7,145,'WiFiReading'),(147,7,146,'WiFiReading'),(148,7,147,'WiFiReading'),(149,7,148,'WiFiReading'),(150,7,149,'WiFiReading'),(151,7,150,'WiFiReading'),(152,7,151,'WiFiReading'),(153,7,152,'WiFiReading'),(154,7,153,'WiFiReading'),(155,7,154,'WiFiReading'),(156,7,155,'WiFiReading'),(157,7,156,'WiFiReading'),(158,7,157,'WiFiReading'),(159,7,158,'WiFiReading'),(160,7,159,'WiFiReading'),(161,7,160,'WiFiReading'),(162,7,161,'WiFiReading'),(163,7,162,'WiFiReading'),(164,7,163,'WiFiReading'),(165,8,164,'WiFiReading'),(166,8,165,'WiFiReading'),(167,8,166,'WiFiReading'),(168,8,167,'WiFiReading'),(169,8,168,'WiFiReading'),(170,8,169,'WiFiReading'),(171,8,170,'WiFiReading'),(172,8,171,'WiFiReading'),(173,8,172,'WiFiReading'),(174,8,173,'WiFiReading'),(175,8,174,'WiFiReading'),(176,8,175,'WiFiReading'),(177,8,176,'WiFiReading'),(178,8,177,'WiFiReading'),(179,8,178,'WiFiReading'),(180,8,179,'WiFiReading'),(181,8,180,'WiFiReading'),(182,8,181,'WiFiReading'),(183,8,182,'WiFiReading'),(184,8,183,'WiFiReading'),(185,8,184,'WiFiReading'),(186,8,185,'WiFiReading'),(187,8,186,'WiFiReading'),(188,8,187,'WiFiReading'),(189,8,188,'WiFiReading'),(190,8,189,'WiFiReading'),(191,8,190,'WiFiReading'),(192,8,191,'WiFiReading'),(193,8,192,'WiFiReading'),(194,8,193,'WiFiReading'),(195,8,194,'WiFiReading'),(196,9,195,'WiFiReading'),(197,9,196,'WiFiReading'),(198,9,197,'WiFiReading'),(199,9,198,'WiFiReading'),(200,9,199,'WiFiReading'),(201,9,200,'WiFiReading'),(202,9,201,'WiFiReading'),(203,9,202,'WiFiReading'),(204,9,203,'WiFiReading'),(205,9,204,'WiFiReading'),(206,9,205,'WiFiReading'),(207,9,206,'WiFiReading'),(208,9,207,'WiFiReading'),(209,9,208,'WiFiReading'),(210,9,209,'WiFiReading'),(211,9,210,'WiFiReading'),(212,9,211,'WiFiReading'),(213,9,212,'WiFiReading'),(214,9,213,'WiFiReading'),(215,9,214,'WiFiReading'),(216,9,215,'WiFiReading'),(217,9,216,'WiFiReading'),(218,9,217,'WiFiReading'),(219,9,218,'WiFiReading'),(220,9,219,'WiFiReading'),(221,9,220,'WiFiReading'),(222,9,221,'WiFiReading'),(223,9,222,'WiFiReading'),(224,9,223,'WiFiReading'),(225,9,224,'WiFiReading'),(226,9,225,'WiFiReading'),(227,9,226,'WiFiReading'),(228,9,227,'WiFiReading'),(229,9,228,'WiFiReading'),(230,9,229,'WiFiReading'),(231,9,230,'WiFiReading'),(232,9,231,'WiFiReading'),(233,9,232,'WiFiReading'),(234,10,233,'WiFiReading'),(235,10,234,'WiFiReading'),(236,10,235,'WiFiReading'),(237,10,236,'WiFiReading'),(238,10,237,'WiFiReading'),(239,10,238,'WiFiReading'),(240,10,239,'WiFiReading'),(241,10,240,'WiFiReading'),(242,10,241,'WiFiReading'),(243,10,242,'WiFiReading'),(244,10,243,'WiFiReading'),(245,10,244,'WiFiReading'),(246,10,245,'WiFiReading'),(247,10,246,'WiFiReading'),(248,10,247,'WiFiReading'),(249,10,248,'WiFiReading'),(250,10,249,'WiFiReading'),(251,10,250,'WiFiReading'),(252,10,251,'WiFiReading'),(253,10,252,'WiFiReading'),(254,10,253,'WiFiReading'),(255,10,254,'WiFiReading'),(256,10,255,'WiFiReading'),(257,10,256,'WiFiReading'),(258,10,257,'WiFiReading'),(259,10,258,'WiFiReading'),(260,10,259,'WiFiReading'),(261,10,260,'WiFiReading'),(262,10,261,'WiFiReading'),(263,10,262,'WiFiReading'),(264,10,263,'WiFiReading'),(265,10,264,'WiFiReading'),(266,10,265,'WiFiReading'),(267,10,266,'WiFiReading'),(268,10,267,'WiFiReading'),(269,10,268,'WiFiReading'),(270,10,269,'WiFiReading'),(271,10,270,'WiFiReading'),(272,10,271,'WiFiReading'),(273,10,272,'WiFiReading'),(274,10,273,'WiFiReading'),(275,10,274,'WiFiReading'),(276,11,275,'WiFiReading'),(277,11,276,'WiFiReading'),(278,11,277,'WiFiReading'),(279,11,278,'WiFiReading'),(280,11,279,'WiFiReading'),(281,11,280,'WiFiReading'),(282,11,281,'WiFiReading'),(283,11,282,'WiFiReading'),(284,11,283,'WiFiReading'),(285,11,284,'WiFiReading'),(286,11,285,'WiFiReading'),(287,11,286,'WiFiReading'),(288,11,287,'WiFiReading'),(289,11,288,'WiFiReading'),(290,11,289,'WiFiReading'),(291,11,290,'WiFiReading'),(292,11,291,'WiFiReading'),(293,11,292,'WiFiReading'),(294,11,293,'WiFiReading'),(295,11,294,'WiFiReading'),(296,11,295,'WiFiReading'),(297,11,296,'WiFiReading'),(298,11,297,'WiFiReading'),(299,11,298,'WiFiReading'),(300,11,299,'WiFiReading'),(301,11,300,'WiFiReading'),(302,11,301,'WiFiReading'),(303,11,302,'WiFiReading'),(304,11,303,'WiFiReading'),(305,11,304,'WiFiReading'),(306,11,305,'WiFiReading'),(307,11,306,'WiFiReading'),(308,11,307,'WiFiReading'),(309,11,308,'WiFiReading'),(310,11,309,'WiFiReading'),(311,11,310,'WiFiReading'),(312,11,311,'WiFiReading'),(313,11,312,'WiFiReading'),(314,11,313,'WiFiReading'),(315,11,314,'WiFiReading'),(316,11,315,'WiFiReading'),(317,11,316,'WiFiReading'),(318,12,317,'WiFiReading'),(319,12,318,'WiFiReading'),(320,12,319,'WiFiReading'),(321,12,320,'WiFiReading'),(322,12,321,'WiFiReading'),(323,12,322,'WiFiReading'),(324,12,323,'WiFiReading'),(325,12,324,'WiFiReading'),(326,12,325,'WiFiReading'),(327,12,326,'WiFiReading'),(328,12,327,'WiFiReading'),(329,12,328,'WiFiReading'),(330,12,329,'WiFiReading'),(331,12,330,'WiFiReading'),(332,12,331,'WiFiReading'),(333,12,332,'WiFiReading'),(334,12,333,'WiFiReading'),(335,12,334,'WiFiReading'),(336,12,335,'WiFiReading'),(337,12,336,'WiFiReading'),(338,12,337,'WiFiReading'),(339,12,338,'WiFiReading'),(340,12,339,'WiFiReading'),(341,12,340,'WiFiReading'),(342,12,341,'WiFiReading'),(343,12,342,'WiFiReading'),(344,12,343,'WiFiReading'),(345,12,344,'WiFiReading'),(346,12,345,'WiFiReading'),(347,12,346,'WiFiReading'),(348,12,347,'WiFiReading'),(349,13,348,'WiFiReading'),(350,13,349,'WiFiReading'),(351,13,350,'WiFiReading'),(352,13,351,'WiFiReading'),(353,13,352,'WiFiReading'),(354,13,353,'WiFiReading'),(355,13,354,'WiFiReading'),(356,13,355,'WiFiReading'),(357,13,356,'WiFiReading'),(358,13,357,'WiFiReading'),(359,13,358,'WiFiReading'),(360,13,359,'WiFiReading'),(361,13,360,'WiFiReading'),(362,13,361,'WiFiReading'),(363,13,362,'WiFiReading'),(364,13,363,'WiFiReading'),(365,13,364,'WiFiReading'),(366,13,365,'WiFiReading'),(367,13,366,'WiFiReading'),(368,13,367,'WiFiReading'),(369,13,368,'WiFiReading'),(370,13,369,'WiFiReading'),(371,13,370,'WiFiReading'),(372,13,371,'WiFiReading'),(373,13,372,'WiFiReading'),(374,13,373,'WiFiReading'),(375,13,374,'WiFiReading'),(376,13,375,'WiFiReading'),(377,13,376,'WiFiReading'),(378,13,377,'WiFiReading'),(379,13,378,'WiFiReading'),(380,13,379,'WiFiReading'),(381,13,380,'WiFiReading'),(382,13,381,'WiFiReading'),(383,13,382,'WiFiReading'),(384,13,383,'WiFiReading'),(385,13,384,'WiFiReading'),(386,13,385,'WiFiReading'),(387,13,386,'WiFiReading'),(388,13,387,'WiFiReading'),(389,13,388,'WiFiReading'),(390,13,389,'WiFiReading'),(391,13,390,'WiFiReading'),(392,13,391,'WiFiReading'),(393,13,392,'WiFiReading'),(394,13,393,'WiFiReading'),(395,13,394,'WiFiReading'),(396,13,395,'WiFiReading'),(397,14,396,'WiFiReading'),(398,14,397,'WiFiReading'),(399,14,398,'WiFiReading'),(400,14,399,'WiFiReading'),(401,14,400,'WiFiReading'),(402,14,401,'WiFiReading'),(403,14,402,'WiFiReading'),(404,14,403,'WiFiReading'),(405,14,404,'WiFiReading'),(406,14,405,'WiFiReading'),(407,14,406,'WiFiReading'),(408,14,407,'WiFiReading'),(409,14,408,'WiFiReading'),(410,14,409,'WiFiReading'),(411,14,410,'WiFiReading'),(412,14,411,'WiFiReading'),(413,14,412,'WiFiReading'),(414,14,413,'WiFiReading'),(415,14,414,'WiFiReading'),(416,14,415,'WiFiReading'),(417,14,416,'WiFiReading'),(418,14,417,'WiFiReading'),(419,14,418,'WiFiReading'),(420,14,419,'WiFiReading'),(421,14,420,'WiFiReading'),(422,14,421,'WiFiReading'),(423,14,422,'WiFiReading'),(424,14,423,'WiFiReading'),(425,14,424,'WiFiReading'),(426,14,425,'WiFiReading'),(427,14,426,'WiFiReading'),(428,14,427,'WiFiReading'),(429,14,428,'WiFiReading'),(430,14,429,'WiFiReading'),(431,14,430,'WiFiReading'),(432,14,431,'WiFiReading'),(433,14,432,'WiFiReading'),(434,14,433,'WiFiReading'),(435,14,434,'WiFiReading'),(436,14,435,'WiFiReading'),(437,14,436,'WiFiReading'),(438,14,437,'WiFiReading'),(439,14,438,'WiFiReading'),(440,14,439,'WiFiReading'),(441,14,440,'WiFiReading'),(442,14,441,'WiFiReading'),(443,14,442,'WiFiReading'),(444,14,443,'WiFiReading'),(445,14,444,'WiFiReading'),(446,14,445,'WiFiReading'),(447,15,446,'WiFiReading'),(448,15,447,'WiFiReading'),(449,15,448,'WiFiReading'),(450,15,449,'WiFiReading'),(451,15,450,'WiFiReading'),(452,15,451,'WiFiReading'),(453,15,452,'WiFiReading'),(454,15,453,'WiFiReading'),(455,15,454,'WiFiReading'),(456,15,455,'WiFiReading'),(457,15,456,'WiFiReading'),(458,15,457,'WiFiReading'),(459,15,458,'WiFiReading'),(460,15,459,'WiFiReading'),(461,15,460,'WiFiReading'),(462,15,461,'WiFiReading'),(463,15,462,'WiFiReading'),(464,15,463,'WiFiReading'),(465,15,464,'WiFiReading'),(466,15,465,'WiFiReading'),(467,15,466,'WiFiReading'),(468,15,467,'WiFiReading'),(469,15,468,'WiFiReading'),(470,15,469,'WiFiReading'),(471,15,470,'WiFiReading'),(472,15,471,'WiFiReading'),(473,15,472,'WiFiReading'),(474,15,473,'WiFiReading'),(475,15,474,'WiFiReading'),(476,15,475,'WiFiReading'),(477,15,476,'WiFiReading'),(478,15,477,'WiFiReading'),(479,15,478,'WiFiReading'),(480,15,479,'WiFiReading'),(481,15,480,'WiFiReading'),(482,15,481,'WiFiReading'),(483,15,482,'WiFiReading'),(484,15,483,'WiFiReading'),(485,15,484,'WiFiReading'),(486,15,485,'WiFiReading'),(487,15,486,'WiFiReading'),(488,15,487,'WiFiReading'),(489,16,488,'WiFiReading'),(490,16,489,'WiFiReading'),(491,16,490,'WiFiReading'),(492,16,491,'WiFiReading'),(493,16,492,'WiFiReading'),(494,16,493,'WiFiReading'),(495,16,494,'WiFiReading'),(496,16,495,'WiFiReading'),(497,16,496,'WiFiReading'),(498,16,497,'WiFiReading'),(499,16,498,'WiFiReading'),(500,16,499,'WiFiReading'),(501,16,500,'WiFiReading'),(502,16,501,'WiFiReading'),(503,16,502,'WiFiReading'),(504,16,503,'WiFiReading'),(505,16,504,'WiFiReading'),(506,16,505,'WiFiReading'),(507,16,506,'WiFiReading'),(508,16,507,'WiFiReading'),(509,16,508,'WiFiReading'),(510,16,509,'WiFiReading'),(511,16,510,'WiFiReading'),(512,16,511,'WiFiReading'),(513,16,512,'WiFiReading'),(514,16,513,'WiFiReading'),(515,16,514,'WiFiReading'),(516,16,515,'WiFiReading'),(517,16,516,'WiFiReading'),(518,16,517,'WiFiReading'),(519,16,518,'WiFiReading'),(520,16,519,'WiFiReading'),(521,16,520,'WiFiReading'),(522,16,521,'WiFiReading'),(523,16,522,'WiFiReading'),(524,16,523,'WiFiReading'),(525,16,524,'WiFiReading'),(526,16,525,'WiFiReading'),(527,16,526,'WiFiReading'),(528,16,527,'WiFiReading'),(529,16,528,'WiFiReading'),(530,16,529,'WiFiReading'),(531,16,530,'WiFiReading'),(532,16,531,'WiFiReading'),(533,16,532,'WiFiReading'),(534,16,533,'WiFiReading'),(535,16,534,'WiFiReading'),(536,16,535,'WiFiReading'),(537,16,536,'WiFiReading'),(538,16,537,'WiFiReading'),(539,16,538,'WiFiReading'),(540,16,539,'WiFiReading'),(541,16,540,'WiFiReading'),(542,16,541,'WiFiReading'),(543,16,542,'WiFiReading'),(544,16,543,'WiFiReading'),(545,17,544,'WiFiReading'),(546,17,545,'WiFiReading'),(547,17,546,'WiFiReading'),(548,17,547,'WiFiReading'),(549,17,548,'WiFiReading'),(550,17,549,'WiFiReading'),(551,17,550,'WiFiReading'),(552,17,551,'WiFiReading'),(553,17,552,'WiFiReading'),(554,17,553,'WiFiReading'),(555,17,554,'WiFiReading'),(556,17,555,'WiFiReading'),(557,17,556,'WiFiReading'),(558,17,557,'WiFiReading'),(559,17,558,'WiFiReading'),(560,17,559,'WiFiReading'),(561,17,560,'WiFiReading'),(562,17,561,'WiFiReading'),(563,17,562,'WiFiReading'),(564,17,563,'WiFiReading'),(565,17,564,'WiFiReading'),(566,17,565,'WiFiReading'),(567,17,566,'WiFiReading'),(568,17,567,'WiFiReading'),(569,17,568,'WiFiReading'),(570,17,569,'WiFiReading'),(571,17,570,'WiFiReading'),(572,17,571,'WiFiReading'),(573,17,572,'WiFiReading'),(574,17,573,'WiFiReading'),(575,17,574,'WiFiReading'),(576,17,575,'WiFiReading'),(577,17,576,'WiFiReading'),(578,17,577,'WiFiReading'),(579,17,578,'WiFiReading'),(580,17,579,'WiFiReading'),(581,17,580,'WiFiReading'),(582,17,581,'WiFiReading'),(583,17,582,'WiFiReading'),(584,17,583,'WiFiReading'),(585,17,584,'WiFiReading'),(586,17,585,'WiFiReading'),(587,17,586,'WiFiReading'),(588,17,587,'WiFiReading'),(589,17,588,'WiFiReading'),(590,17,589,'WiFiReading'),(591,17,590,'WiFiReading'),(592,17,591,'WiFiReading'),(593,17,592,'WiFiReading'),(594,17,593,'WiFiReading'),(595,17,594,'WiFiReading'),(596,18,595,'WiFiReading'),(597,18,596,'WiFiReading'),(598,18,597,'WiFiReading'),(599,18,598,'WiFiReading'),(600,18,599,'WiFiReading'),(601,18,600,'WiFiReading'),(602,18,601,'WiFiReading'),(603,18,602,'WiFiReading'),(604,18,603,'WiFiReading'),(605,18,604,'WiFiReading'),(606,18,605,'WiFiReading'),(607,18,606,'WiFiReading'),(608,18,607,'WiFiReading'),(609,18,608,'WiFiReading'),(610,18,609,'WiFiReading'),(611,18,610,'WiFiReading'),(612,18,611,'WiFiReading'),(613,18,612,'WiFiReading'),(614,18,613,'WiFiReading'),(615,18,614,'WiFiReading'),(616,18,615,'WiFiReading'),(617,18,616,'WiFiReading'),(618,18,617,'WiFiReading'),(619,18,618,'WiFiReading'),(620,18,619,'WiFiReading'),(621,18,620,'WiFiReading'),(622,18,621,'WiFiReading'),(623,18,622,'WiFiReading'),(624,18,623,'WiFiReading'),(625,18,624,'WiFiReading'),(626,18,625,'WiFiReading'),(627,18,626,'WiFiReading'),(628,18,627,'WiFiReading'),(629,18,628,'WiFiReading'),(630,18,629,'WiFiReading'),(631,18,630,'WiFiReading'),(632,18,631,'WiFiReading'),(633,18,632,'WiFiReading'),(634,18,633,'WiFiReading'),(635,18,634,'WiFiReading'),(636,18,635,'WiFiReading'),(637,18,636,'WiFiReading'),(638,18,637,'WiFiReading'),(639,18,638,'WiFiReading'),(640,18,639,'WiFiReading'),(641,18,640,'WiFiReading'),(642,18,641,'WiFiReading'),(643,18,642,'WiFiReading'),(644,18,643,'WiFiReading'),(645,18,644,'WiFiReading'),(646,18,645,'WiFiReading'),(647,18,646,'WiFiReading'),(648,18,647,'WiFiReading'),(649,18,648,'WiFiReading'),(650,18,649,'WiFiReading'),(651,19,650,'WiFiReading'),(652,19,651,'WiFiReading'),(653,19,652,'WiFiReading'),(654,19,653,'WiFiReading'),(655,19,654,'WiFiReading'),(656,19,655,'WiFiReading'),(657,19,656,'WiFiReading'),(658,19,657,'WiFiReading'),(659,19,658,'WiFiReading'),(660,19,659,'WiFiReading'),(661,19,660,'WiFiReading'),(662,19,661,'WiFiReading'),(663,19,662,'WiFiReading'),(664,19,663,'WiFiReading'),(665,19,664,'WiFiReading'),(666,19,665,'WiFiReading'),(667,19,666,'WiFiReading'),(668,19,667,'WiFiReading'),(669,19,668,'WiFiReading'),(670,19,669,'WiFiReading'),(671,19,670,'WiFiReading'),(672,19,671,'WiFiReading'),(673,19,672,'WiFiReading'),(674,19,673,'WiFiReading'),(675,19,674,'WiFiReading'),(676,19,675,'WiFiReading'),(677,19,676,'WiFiReading'),(678,19,677,'WiFiReading'),(679,19,678,'WiFiReading'),(680,19,679,'WiFiReading'),(681,19,680,'WiFiReading'),(682,19,681,'WiFiReading'),(683,19,682,'WiFiReading'),(684,19,683,'WiFiReading'),(685,19,684,'WiFiReading'),(686,19,685,'WiFiReading'),(687,19,686,'WiFiReading'),(688,19,687,'WiFiReading'),(689,19,688,'WiFiReading'),(690,19,689,'WiFiReading'),(691,19,690,'WiFiReading'),(692,19,691,'WiFiReading'),(693,19,692,'WiFiReading'),(694,19,693,'WiFiReading'),(695,19,694,'WiFiReading'),(696,19,695,'WiFiReading'),(697,19,696,'WiFiReading'),(698,19,697,'WiFiReading'),(699,19,698,'WiFiReading'),(700,19,699,'WiFiReading'),(701,19,700,'WiFiReading'),(702,19,701,'WiFiReading'),(703,20,702,'WiFiReading'),(704,20,703,'WiFiReading'),(705,20,704,'WiFiReading'),(706,20,705,'WiFiReading'),(707,20,706,'WiFiReading'),(708,20,707,'WiFiReading'),(709,20,708,'WiFiReading'),(710,20,709,'WiFiReading'),(711,20,710,'WiFiReading'),(712,20,711,'WiFiReading'),(713,20,712,'WiFiReading'),(714,20,713,'WiFiReading'),(715,20,714,'WiFiReading'),(716,20,715,'WiFiReading'),(717,20,716,'WiFiReading'),(718,20,717,'WiFiReading'),(719,20,718,'WiFiReading'),(720,20,719,'WiFiReading'),(721,20,720,'WiFiReading'),(722,20,721,'WiFiReading'),(723,20,722,'WiFiReading'),(724,20,723,'WiFiReading'),(725,20,724,'WiFiReading'),(726,20,725,'WiFiReading'),(727,20,726,'WiFiReading'),(728,20,727,'WiFiReading'),(729,20,728,'WiFiReading'),(730,20,729,'WiFiReading'),(731,20,730,'WiFiReading'),(732,20,731,'WiFiReading'),(733,20,732,'WiFiReading'),(734,20,733,'WiFiReading'),(735,20,734,'WiFiReading'),(736,20,735,'WiFiReading'),(737,20,736,'WiFiReading'),(738,20,737,'WiFiReading'),(739,20,738,'WiFiReading'),(740,20,739,'WiFiReading'),(741,20,740,'WiFiReading'),(742,20,741,'WiFiReading'),(743,20,742,'WiFiReading'),(744,20,743,'WiFiReading'),(745,21,744,'WiFiReading'),(746,21,745,'WiFiReading'),(747,21,746,'WiFiReading'),(748,21,747,'WiFiReading'),(749,21,748,'WiFiReading'),(750,21,749,'WiFiReading'),(751,21,750,'WiFiReading'),(752,21,751,'WiFiReading'),(753,21,752,'WiFiReading'),(754,21,753,'WiFiReading'),(755,21,754,'WiFiReading'),(756,21,755,'WiFiReading'),(757,21,756,'WiFiReading'),(758,21,757,'WiFiReading'),(759,21,758,'WiFiReading'),(760,21,759,'WiFiReading'),(761,21,760,'WiFiReading'),(762,21,761,'WiFiReading'),(763,21,762,'WiFiReading'),(764,21,763,'WiFiReading'),(765,21,764,'WiFiReading'),(766,21,765,'WiFiReading'),(767,21,766,'WiFiReading'),(768,21,767,'WiFiReading'),(769,21,768,'WiFiReading'),(770,21,769,'WiFiReading'),(771,21,770,'WiFiReading'),(772,21,771,'WiFiReading'),(773,21,772,'WiFiReading'),(774,21,773,'WiFiReading'),(775,22,774,'WiFiReading'),(776,22,775,'WiFiReading'),(777,22,776,'WiFiReading'),(778,22,777,'WiFiReading'),(779,22,778,'WiFiReading'),(780,22,779,'WiFiReading'),(781,22,780,'WiFiReading'),(782,22,781,'WiFiReading'),(783,22,782,'WiFiReading'),(784,22,783,'WiFiReading'),(785,22,784,'WiFiReading'),(786,22,785,'WiFiReading'),(787,22,786,'WiFiReading'),(788,22,787,'WiFiReading'),(789,22,788,'WiFiReading'),(790,22,789,'WiFiReading'),(791,22,790,'WiFiReading'),(792,22,791,'WiFiReading'),(793,22,792,'WiFiReading'),(794,22,793,'WiFiReading'),(795,22,794,'WiFiReading'),(796,22,795,'WiFiReading'),(797,22,796,'WiFiReading'),(798,22,797,'WiFiReading'),(799,22,798,'WiFiReading'),(800,22,799,'WiFiReading'),(801,22,800,'WiFiReading'),(802,22,801,'WiFiReading'),(803,22,802,'WiFiReading'),(804,22,803,'WiFiReading'),(805,22,804,'WiFiReading'),(806,22,805,'WiFiReading'),(807,22,806,'WiFiReading'),(808,22,807,'WiFiReading'),(809,22,808,'WiFiReading'),(810,22,809,'WiFiReading'),(811,22,810,'WiFiReading'),(812,22,811,'WiFiReading'),(813,23,812,'WiFiReading'),(814,23,813,'WiFiReading'),(815,23,814,'WiFiReading'),(816,23,815,'WiFiReading'),(817,23,816,'WiFiReading'),(818,23,817,'WiFiReading'),(819,23,818,'WiFiReading'),(820,23,819,'WiFiReading'),(821,23,820,'WiFiReading'),(822,23,821,'WiFiReading'),(823,23,822,'WiFiReading'),(824,23,823,'WiFiReading'),(825,23,824,'WiFiReading'),(826,23,825,'WiFiReading'),(827,23,826,'WiFiReading'),(828,23,827,'WiFiReading'),(829,23,828,'WiFiReading'),(830,23,829,'WiFiReading'),(831,24,830,'WiFiReading'),(832,24,831,'WiFiReading'),(833,24,832,'WiFiReading'),(834,24,833,'WiFiReading'),(835,24,834,'WiFiReading'),(836,24,835,'WiFiReading'),(837,24,836,'WiFiReading'),(838,24,837,'WiFiReading'),(839,24,838,'WiFiReading'),(840,24,839,'WiFiReading'),(841,24,840,'WiFiReading'),(842,24,841,'WiFiReading'),(843,24,842,'WiFiReading'),(844,24,843,'WiFiReading'),(845,25,844,'WiFiReading'),(846,25,845,'WiFiReading'),(847,25,846,'WiFiReading'),(848,25,847,'WiFiReading'),(849,25,848,'WiFiReading'),(850,25,849,'WiFiReading'),(851,25,850,'WiFiReading'),(852,25,851,'WiFiReading'),(853,25,852,'WiFiReading'),(854,25,853,'WiFiReading'),(855,25,854,'WiFiReading'),(856,25,855,'WiFiReading'),(857,25,856,'WiFiReading'),(858,25,857,'WiFiReading'),(859,25,858,'WiFiReading'),(860,25,859,'WiFiReading'),(861,25,860,'WiFiReading'),(862,25,861,'WiFiReading'),(863,25,862,'WiFiReading'),(864,25,863,'WiFiReading'),(865,25,864,'WiFiReading'),(866,25,865,'WiFiReading'),(867,25,866,'WiFiReading'),(868,25,867,'WiFiReading'),(869,25,868,'WiFiReading'),(870,25,869,'WiFiReading'),(871,25,870,'WiFiReading'),(872,25,871,'WiFiReading'),(873,25,872,'WiFiReading'),(874,25,873,'WiFiReading'),(875,25,874,'WiFiReading'),(876,26,875,'WiFiReading'),(877,26,876,'WiFiReading'),(878,26,877,'WiFiReading'),(879,26,878,'WiFiReading'),(880,26,879,'WiFiReading'),(881,26,880,'WiFiReading'),(882,26,881,'WiFiReading'),(883,26,882,'WiFiReading'),(884,26,883,'WiFiReading'),(885,26,884,'WiFiReading'),(886,26,885,'WiFiReading'),(887,26,886,'WiFiReading'),(888,26,887,'WiFiReading'),(889,26,888,'WiFiReading'),(890,26,889,'WiFiReading'),(891,26,890,'WiFiReading'),(892,26,891,'WiFiReading'),(893,27,892,'WiFiReading'),(894,27,893,'WiFiReading'),(895,27,894,'WiFiReading'),(896,27,895,'WiFiReading'),(897,27,896,'WiFiReading'),(898,27,897,'WiFiReading'),(899,27,898,'WiFiReading'),(900,27,899,'WiFiReading'),(901,27,900,'WiFiReading'),(902,27,901,'WiFiReading'),(903,27,902,'WiFiReading'),(904,27,903,'WiFiReading'),(905,27,904,'WiFiReading'),(906,27,905,'WiFiReading'),(907,27,906,'WiFiReading'),(908,27,907,'WiFiReading'),(909,27,908,'WiFiReading'),(910,27,909,'WiFiReading'),(911,27,910,'WiFiReading'),(912,27,911,'WiFiReading'),(913,27,912,'WiFiReading'),(914,27,913,'WiFiReading'),(915,27,914,'WiFiReading'),(916,27,915,'WiFiReading'),(917,28,916,'WiFiReading'),(918,28,917,'WiFiReading'),(919,28,918,'WiFiReading'),(920,28,919,'WiFiReading'),(921,28,920,'WiFiReading'),(922,28,921,'WiFiReading'),(923,28,922,'WiFiReading'),(924,28,923,'WiFiReading'),(925,28,924,'WiFiReading'),(926,28,925,'WiFiReading'),(927,28,926,'WiFiReading'),(928,29,927,'WiFiReading'),(929,29,928,'WiFiReading'),(930,29,929,'WiFiReading'),(931,29,930,'WiFiReading'),(932,29,931,'WiFiReading'),(933,29,932,'WiFiReading'),(934,29,933,'WiFiReading'),(935,29,934,'WiFiReading'),(936,29,935,'WiFiReading'),(937,29,936,'WiFiReading'),(938,29,937,'WiFiReading'),(939,29,938,'WiFiReading'),(940,29,939,'WiFiReading'),(941,29,940,'WiFiReading'),(942,29,941,'WiFiReading'),(943,29,942,'WiFiReading'),(944,29,943,'WiFiReading'),(945,29,944,'WiFiReading'),(946,29,945,'WiFiReading'),(947,29,946,'WiFiReading'),(948,29,947,'WiFiReading'),(949,29,948,'WiFiReading'),(950,29,949,'WiFiReading'),(951,29,950,'WiFiReading'),(952,29,951,'WiFiReading'),(953,29,952,'WiFiReading'),(954,29,953,'WiFiReading'),(955,29,954,'WiFiReading'),(956,30,955,'WiFiReading'),(957,30,956,'WiFiReading'),(958,30,957,'WiFiReading'),(959,30,958,'WiFiReading'),(960,30,959,'WiFiReading'),(961,30,960,'WiFiReading'),(962,30,961,'WiFiReading'),(963,30,962,'WiFiReading'),(964,30,963,'WiFiReading'),(965,30,964,'WiFiReading'),(966,30,965,'WiFiReading'),(967,30,966,'WiFiReading'),(968,30,967,'WiFiReading'),(969,30,968,'WiFiReading'),(970,30,969,'WiFiReading'),(971,30,970,'WiFiReading'),(972,30,971,'WiFiReading'),(973,30,972,'WiFiReading'),(974,30,973,'WiFiReading'),(975,30,974,'WiFiReading'),(976,30,975,'WiFiReading'),(977,30,976,'WiFiReading'),(978,30,977,'WiFiReading'),(979,30,978,'WiFiReading'),(980,30,979,'WiFiReading'),(981,30,980,'WiFiReading'),(982,30,981,'WiFiReading'),(983,30,982,'WiFiReading'),(984,30,983,'WiFiReading'),(985,30,984,'WiFiReading'),(986,31,985,'WiFiReading'),(987,31,986,'WiFiReading'),(988,31,987,'WiFiReading'),(989,31,988,'WiFiReading'),(990,31,989,'WiFiReading'),(991,31,990,'WiFiReading'),(992,31,991,'WiFiReading'),(993,31,992,'WiFiReading'),(994,31,993,'WiFiReading'),(995,31,994,'WiFiReading'),(996,31,995,'WiFiReading'),(997,31,996,'WiFiReading'),(998,31,997,'WiFiReading'),(999,31,998,'WiFiReading'),(1000,31,999,'WiFiReading'),(1001,31,1000,'WiFiReading'),(1002,31,1001,'WiFiReading'),(1003,31,1002,'WiFiReading'),(1004,31,1003,'WiFiReading'),(1005,31,1004,'WiFiReading'),(1006,31,1005,'WiFiReading'),(1007,31,1006,'WiFiReading'),(1008,31,1007,'WiFiReading'),(1009,31,1008,'WiFiReading'),(1010,31,1009,'WiFiReading'),(1011,31,1010,'WiFiReading'),(1012,31,1011,'WiFiReading'),(1013,32,1012,'WiFiReading'),(1014,32,1013,'WiFiReading'),(1015,32,1014,'WiFiReading'),(1016,32,1015,'WiFiReading'),(1017,32,1016,'WiFiReading'),(1018,32,1017,'WiFiReading'),(1019,32,1018,'WiFiReading'),(1020,32,1019,'WiFiReading'),(1021,32,1020,'WiFiReading'),(1022,32,1021,'WiFiReading'),(1023,32,1022,'WiFiReading'),(1024,32,1023,'WiFiReading'),(1025,32,1024,'WiFiReading'),(1026,32,1025,'WiFiReading'),(1027,32,1026,'WiFiReading'),(1028,32,1027,'WiFiReading'),(1029,32,1028,'WiFiReading'),(1030,32,1029,'WiFiReading'),(1031,32,1030,'WiFiReading'),(1032,32,1031,'WiFiReading'),(1033,32,1032,'WiFiReading'),(1034,32,1033,'WiFiReading'),(1035,32,1034,'WiFiReading'),(1036,32,1035,'WiFiReading'),(1037,32,1036,'WiFiReading'),(1038,32,1037,'WiFiReading'),(1039,32,1038,'WiFiReading'),(1040,32,1039,'WiFiReading'),(1041,32,1040,'WiFiReading'),(1042,32,1041,'WiFiReading'),(1043,32,1042,'WiFiReading'),(1044,32,1043,'WiFiReading'),(1045,32,1044,'WiFiReading'),(1046,32,1045,'WiFiReading'),(1047,32,1046,'WiFiReading'),(1048,32,1047,'WiFiReading'),(1049,32,1048,'WiFiReading'),(1050,32,1049,'WiFiReading'),(1051,32,1050,'WiFiReading'),(1052,32,1051,'WiFiReading'),(1053,32,1052,'WiFiReading'),(1054,32,1053,'WiFiReading'),(1055,32,1054,'WiFiReading'),(1056,32,1055,'WiFiReading'),(1057,32,1056,'WiFiReading'),(1058,32,1057,'WiFiReading'),(1059,32,1058,'WiFiReading'),(1060,32,1059,'WiFiReading'),(1061,32,1060,'WiFiReading'),(1062,32,1061,'WiFiReading'),(1063,32,1062,'WiFiReading'),(1064,32,1063,'WiFiReading'),(1065,32,1064,'WiFiReading'),(1066,32,1065,'WiFiReading'),(1067,32,1066,'WiFiReading'),(1068,32,1067,'WiFiReading'),(1069,32,1068,'WiFiReading'),(1070,32,1069,'WiFiReading'),(1071,32,1070,'WiFiReading'),(1072,32,1071,'WiFiReading'),(1073,32,1072,'WiFiReading'),(1074,32,1073,'WiFiReading'),(1075,33,1074,'WiFiReading'),(1076,33,1075,'WiFiReading'),(1077,33,1076,'WiFiReading'),(1078,33,1077,'WiFiReading'),(1079,33,1078,'WiFiReading'),(1080,33,1079,'WiFiReading'),(1081,33,1080,'WiFiReading'),(1082,33,1081,'WiFiReading'),(1083,33,1082,'WiFiReading'),(1084,33,1083,'WiFiReading'),(1085,33,1084,'WiFiReading'),(1086,33,1085,'WiFiReading'),(1087,33,1086,'WiFiReading'),(1088,33,1087,'WiFiReading'),(1089,33,1088,'WiFiReading'),(1090,33,1089,'WiFiReading'),(1091,33,1090,'WiFiReading'),(1092,33,1091,'WiFiReading'),(1093,33,1092,'WiFiReading'),(1094,33,1093,'WiFiReading'),(1095,33,1094,'WiFiReading'),(1096,33,1095,'WiFiReading'),(1097,33,1096,'WiFiReading'),(1098,33,1097,'WiFiReading'),(1099,33,1098,'WiFiReading'),(1100,33,1099,'WiFiReading'),(1101,33,1100,'WiFiReading'),(1102,33,1101,'WiFiReading'),(1103,33,1102,'WiFiReading'),(1104,33,1103,'WiFiReading'),(1105,33,1104,'WiFiReading'),(1106,33,1105,'WiFiReading'),(1107,33,1106,'WiFiReading'),(1108,33,1107,'WiFiReading'),(1109,33,1108,'WiFiReading'),(1110,33,1109,'WiFiReading'),(1111,33,1110,'WiFiReading'),(1112,33,1111,'WiFiReading'),(1113,33,1112,'WiFiReading'),(1114,33,1113,'WiFiReading'),(1115,33,1114,'WiFiReading'),(1116,33,1115,'WiFiReading'),(1117,33,1116,'WiFiReading'),(1118,33,1117,'WiFiReading'),(1119,33,1118,'WiFiReading'),(1120,33,1119,'WiFiReading'),(1121,33,1120,'WiFiReading'),(1122,33,1121,'WiFiReading'),(1123,33,1122,'WiFiReading'),(1124,33,1123,'WiFiReading'),(1125,33,1124,'WiFiReading'),(1126,33,1125,'WiFiReading'),(1127,33,1126,'WiFiReading'),(1128,33,1127,'WiFiReading'),(1129,33,1128,'WiFiReading'),(1130,33,1129,'WiFiReading'),(1131,34,1130,'WiFiReading'),(1132,34,1131,'WiFiReading'),(1133,34,1132,'WiFiReading'),(1134,34,1133,'WiFiReading'),(1135,34,1134,'WiFiReading'),(1136,34,1135,'WiFiReading'),(1137,34,1136,'WiFiReading'),(1138,34,1137,'WiFiReading'),(1139,34,1138,'WiFiReading'),(1140,34,1139,'WiFiReading'),(1141,34,1140,'WiFiReading'),(1142,34,1141,'WiFiReading'),(1143,34,1142,'WiFiReading'),(1144,34,1143,'WiFiReading'),(1145,34,1144,'WiFiReading'),(1146,34,1145,'WiFiReading'),(1147,34,1146,'WiFiReading'),(1148,34,1147,'WiFiReading'),(1149,34,1148,'WiFiReading'),(1150,34,1149,'WiFiReading'),(1151,34,1150,'WiFiReading'),(1152,34,1151,'WiFiReading'),(1153,34,1152,'WiFiReading'),(1154,34,1153,'WiFiReading'),(1155,34,1154,'WiFiReading'),(1156,34,1155,'WiFiReading'),(1157,34,1156,'WiFiReading'),(1158,34,1157,'WiFiReading'),(1159,34,1158,'WiFiReading'),(1160,34,1159,'WiFiReading'),(1161,34,1160,'WiFiReading'),(1162,34,1161,'WiFiReading'),(1163,34,1162,'WiFiReading'),(1164,34,1163,'WiFiReading'),(1165,34,1164,'WiFiReading'),(1166,34,1165,'WiFiReading'),(1167,34,1166,'WiFiReading'),(1168,34,1167,'WiFiReading'),(1169,34,1168,'WiFiReading'),(1170,34,1169,'WiFiReading'),(1171,34,1170,'WiFiReading'),(1172,34,1171,'WiFiReading'),(1173,34,1172,'WiFiReading'),(1174,34,1173,'WiFiReading'),(1175,34,1174,'WiFiReading'),(1176,34,1175,'WiFiReading'),(1177,34,1176,'WiFiReading'),(1178,34,1177,'WiFiReading'),(1179,34,1178,'WiFiReading'),(1180,34,1179,'WiFiReading'),(1181,34,1180,'WiFiReading'),(1182,34,1181,'WiFiReading'),(1183,35,1182,'WiFiReading'),(1184,35,1183,'WiFiReading'),(1185,35,1184,'WiFiReading'),(1186,35,1185,'WiFiReading'),(1187,35,1186,'WiFiReading'),(1188,35,1187,'WiFiReading'),(1189,35,1188,'WiFiReading'),(1190,35,1189,'WiFiReading'),(1191,35,1190,'WiFiReading'),(1192,35,1191,'WiFiReading'),(1193,35,1192,'WiFiReading'),(1194,35,1193,'WiFiReading'),(1195,35,1194,'WiFiReading'),(1196,35,1195,'WiFiReading'),(1197,35,1196,'WiFiReading'),(1198,35,1197,'WiFiReading'),(1199,35,1198,'WiFiReading'),(1200,35,1199,'WiFiReading'),(1201,35,1200,'WiFiReading'),(1202,35,1201,'WiFiReading'),(1203,35,1202,'WiFiReading'),(1204,35,1203,'WiFiReading'),(1205,35,1204,'WiFiReading'),(1206,35,1205,'WiFiReading'),(1207,35,1206,'WiFiReading'),(1208,35,1207,'WiFiReading'),(1209,35,1208,'WiFiReading'),(1210,35,1209,'WiFiReading'),(1211,35,1210,'WiFiReading'),(1212,35,1211,'WiFiReading'),(1213,35,1212,'WiFiReading'),(1214,35,1213,'WiFiReading'),(1215,35,1214,'WiFiReading'),(1216,35,1215,'WiFiReading'),(1217,35,1216,'WiFiReading'),(1218,35,1217,'WiFiReading'),(1219,35,1218,'WiFiReading'),(1220,35,1219,'WiFiReading'),(1221,35,1220,'WiFiReading'),(1222,35,1221,'WiFiReading'),(1223,35,1222,'WiFiReading'),(1224,35,1223,'WiFiReading'),(1225,35,1224,'WiFiReading'),(1226,35,1225,'WiFiReading'),(1227,35,1226,'WiFiReading'),(1228,36,1227,'WiFiReading'),(1229,36,1228,'WiFiReading'),(1230,36,1229,'WiFiReading'),(1231,36,1230,'WiFiReading'),(1232,36,1231,'WiFiReading'),(1233,36,1232,'WiFiReading'),(1234,36,1233,'WiFiReading'),(1235,36,1234,'WiFiReading'),(1236,36,1235,'WiFiReading'),(1237,36,1236,'WiFiReading'),(1238,36,1237,'WiFiReading'),(1239,36,1238,'WiFiReading'),(1240,36,1239,'WiFiReading'),(1241,36,1240,'WiFiReading'),(1242,36,1241,'WiFiReading'),(1243,36,1242,'WiFiReading'),(1244,36,1243,'WiFiReading'),(1245,36,1244,'WiFiReading'),(1246,36,1245,'WiFiReading'),(1247,36,1246,'WiFiReading'),(1248,36,1247,'WiFiReading'),(1249,36,1248,'WiFiReading'),(1250,36,1249,'WiFiReading'),(1251,36,1250,'WiFiReading'),(1252,36,1251,'WiFiReading'),(1253,36,1252,'WiFiReading'),(1254,36,1253,'WiFiReading'),(1255,36,1254,'WiFiReading'),(1256,36,1255,'WiFiReading'),(1257,36,1256,'WiFiReading'),(1258,36,1257,'WiFiReading'),(1259,36,1258,'WiFiReading'),(1260,37,1259,'WiFiReading'),(1261,37,1260,'WiFiReading'),(1262,37,1261,'WiFiReading'),(1263,37,1262,'WiFiReading'),(1264,37,1263,'WiFiReading'),(1265,37,1264,'WiFiReading'),(1266,37,1265,'WiFiReading'),(1267,37,1266,'WiFiReading'),(1268,37,1267,'WiFiReading'),(1269,37,1268,'WiFiReading'),(1270,38,1269,'WiFiReading'),(1271,38,1270,'WiFiReading'),(1272,38,1271,'WiFiReading'),(1273,38,1272,'WiFiReading'),(1274,38,1273,'WiFiReading'),(1275,38,1274,'WiFiReading'),(1276,38,1275,'WiFiReading'),(1277,38,1276,'WiFiReading'),(1278,38,1277,'WiFiReading'),(1279,38,1278,'WiFiReading'),(1280,38,1279,'WiFiReading'),(1281,38,1280,'WiFiReading'),(1282,38,1281,'WiFiReading'),(1283,38,1282,'WiFiReading'),(1284,38,1283,'WiFiReading'),(1285,38,1284,'WiFiReading'),(1286,38,1285,'WiFiReading'),(1287,38,1286,'WiFiReading'),(1288,38,1287,'WiFiReading'),(1289,38,1288,'WiFiReading'),(1290,38,1289,'WiFiReading'),(1291,38,1290,'WiFiReading'),(1292,38,1291,'WiFiReading'),(1293,38,1292,'WiFiReading'),(1294,38,1293,'WiFiReading'),(1295,38,1294,'WiFiReading'),(1296,38,1295,'WiFiReading'),(1297,39,1296,'WiFiReading'),(1298,39,1297,'WiFiReading'),(1299,39,1298,'WiFiReading'),(1300,39,1299,'WiFiReading'),(1301,39,1300,'WiFiReading'),(1302,39,1301,'WiFiReading'),(1303,39,1302,'WiFiReading'),(1304,39,1303,'WiFiReading'),(1305,39,1304,'WiFiReading'),(1306,39,1305,'WiFiReading'),(1307,39,1306,'WiFiReading'),(1308,39,1307,'WiFiReading'),(1309,39,1308,'WiFiReading'),(1310,39,1309,'WiFiReading'),(1311,39,1310,'WiFiReading'),(1312,39,1311,'WiFiReading'),(1313,39,1312,'WiFiReading'),(1314,39,1313,'WiFiReading'),(1315,39,1314,'WiFiReading'),(1316,39,1315,'WiFiReading'),(1317,39,1316,'WiFiReading'),(1318,39,1317,'WiFiReading'),(1319,39,1318,'WiFiReading'),(1320,39,1319,'WiFiReading'),(1321,39,1320,'WiFiReading'),(1322,39,1321,'WiFiReading'),(1323,39,1322,'WiFiReading'),(1324,39,1323,'WiFiReading'),(1325,39,1324,'WiFiReading'),(1326,39,1325,'WiFiReading'),(1327,39,1326,'WiFiReading'),(1328,39,1327,'WiFiReading'),(1329,39,1328,'WiFiReading'),(1330,39,1329,'WiFiReading'),(1331,39,1330,'WiFiReading'),(1332,39,1331,'WiFiReading'),(1333,39,1332,'WiFiReading'),(1334,39,1333,'WiFiReading'),(1335,39,1334,'WiFiReading'),(1336,39,1335,'WiFiReading'),(1337,39,1336,'WiFiReading'),(1338,39,1337,'WiFiReading'),(1339,39,1338,'WiFiReading'),(1340,39,1339,'WiFiReading'),(1341,39,1340,'WiFiReading'),(1342,39,1341,'WiFiReading'),(1343,39,1342,'WiFiReading'),(1344,39,1343,'WiFiReading'),(1345,39,1344,'WiFiReading'),(1346,39,1345,'WiFiReading'),(1347,39,1346,'WiFiReading'),(1348,39,1347,'WiFiReading'),(1349,39,1348,'WiFiReading'),(1350,39,1349,'WiFiReading'),(1351,39,1350,'WiFiReading'),(1352,39,1351,'WiFiReading'),(1353,39,1352,'WiFiReading'),(1354,39,1353,'WiFiReading'),(1355,39,1354,'WiFiReading'),(1356,39,1355,'WiFiReading'),(1357,39,1356,'WiFiReading'),(1358,39,1357,'WiFiReading'),(1359,39,1358,'WiFiReading'),(1360,39,1359,'WiFiReading'),(1361,39,1360,'WiFiReading'),(1362,39,1361,'WiFiReading'),(1363,39,1362,'WiFiReading'),(1364,40,1363,'WiFiReading'),(1365,40,1364,'WiFiReading'),(1366,40,1365,'WiFiReading'),(1367,40,1366,'WiFiReading'),(1368,40,1367,'WiFiReading'),(1369,40,1368,'WiFiReading'),(1370,40,1369,'WiFiReading'),(1371,40,1370,'WiFiReading'),(1372,40,1371,'WiFiReading'),(1373,40,1372,'WiFiReading'),(1374,40,1373,'WiFiReading'),(1375,40,1374,'WiFiReading'),(1376,40,1375,'WiFiReading'),(1377,40,1376,'WiFiReading'),(1378,40,1377,'WiFiReading'),(1379,40,1378,'WiFiReading'),(1380,40,1379,'WiFiReading'),(1381,40,1380,'WiFiReading'),(1382,40,1,'BluetoothReading'),(1383,40,2,'BluetoothReading'),(1384,40,3,'BluetoothReading'),(1385,40,4,'BluetoothReading'),(1386,40,5,'BluetoothReading'),(1387,40,6,'BluetoothReading'),(1388,40,7,'BluetoothReading'),(1389,40,8,'BluetoothReading'),(1390,40,9,'BluetoothReading'),(1391,40,10,'BluetoothReading'),(1392,40,11,'BluetoothReading'),(1393,40,12,'BluetoothReading'),(1394,40,13,'BluetoothReading'),(1395,40,14,'BluetoothReading'),(1396,40,15,'BluetoothReading'),(1397,40,16,'BluetoothReading'),(1398,40,17,'BluetoothReading'),(1399,40,18,'BluetoothReading'),(1400,40,19,'BluetoothReading'),(1401,40,20,'BluetoothReading'),(1402,40,21,'BluetoothReading'),(1403,40,22,'BluetoothReading'),(1404,40,23,'BluetoothReading'),(1405,40,24,'BluetoothReading'),(1406,40,25,'BluetoothReading'),(1407,40,26,'BluetoothReading'),(1408,40,27,'BluetoothReading'),(1409,40,28,'BluetoothReading'),(1410,40,29,'BluetoothReading'),(1411,40,30,'BluetoothReading'),(1412,40,31,'BluetoothReading'),(1413,40,32,'BluetoothReading'),(1414,40,33,'BluetoothReading'),(1415,40,34,'BluetoothReading'),(1416,40,35,'BluetoothReading'),(1417,40,36,'BluetoothReading'),(1418,40,37,'BluetoothReading'),(1419,40,38,'BluetoothReading'),(1420,40,39,'BluetoothReading'),(1421,40,40,'BluetoothReading'),(1422,40,41,'BluetoothReading'),(1423,40,42,'BluetoothReading'),(1424,40,43,'BluetoothReading'),(1425,40,44,'BluetoothReading'),(1426,40,45,'BluetoothReading'),(1427,40,46,'BluetoothReading'),(1428,40,47,'BluetoothReading'),(1429,40,48,'BluetoothReading'),(1430,40,49,'BluetoothReading'),(1431,40,50,'BluetoothReading'),(1432,40,51,'BluetoothReading'),(1433,40,52,'BluetoothReading'),(1434,40,53,'BluetoothReading'),(1435,40,54,'BluetoothReading'),(1436,40,55,'BluetoothReading'),(1437,40,56,'BluetoothReading'),(1438,40,57,'BluetoothReading'),(1439,40,58,'BluetoothReading'),(1440,40,59,'BluetoothReading'),(1441,40,60,'BluetoothReading'),(1442,42,1381,'WiFiReading'),(1443,42,1382,'WiFiReading'),(1444,42,1383,'WiFiReading'),(1445,42,1384,'WiFiReading'),(1446,42,1385,'WiFiReading'),(1447,42,1386,'WiFiReading'),(1448,42,1387,'WiFiReading'),(1449,42,1388,'WiFiReading'),(1450,42,1389,'WiFiReading'),(1451,42,1390,'WiFiReading'),(1452,42,1391,'WiFiReading'),(1453,42,1392,'WiFiReading'),(1454,42,1393,'WiFiReading'),(1455,42,1394,'WiFiReading'),(1460,44,1397,'WiFiReading'),(1461,44,1398,'WiFiReading'),(1462,44,63,'BluetoothReading'),(1463,44,64,'BluetoothReading'),(1464,44,65,'BluetoothReading'),(1465,44,66,'BluetoothReading'),(1466,45,1399,'WiFiReading'),(1467,45,1400,'WiFiReading'),(1468,45,1401,'WiFiReading'),(1469,45,1402,'WiFiReading'),(1470,45,1403,'WiFiReading'),(1471,45,1404,'WiFiReading'),(1472,45,1405,'WiFiReading'),(1473,45,1406,'WiFiReading'),(1474,45,1407,'WiFiReading'),(1475,45,1408,'WiFiReading'),(1476,45,1409,'WiFiReading'),(1477,45,1410,'WiFiReading'),(1478,45,1411,'WiFiReading'),(1479,45,1412,'WiFiReading'),(1480,45,1413,'WiFiReading'),(1481,45,1414,'WiFiReading'),(1482,45,1415,'WiFiReading'),(1483,45,1416,'WiFiReading'),(1484,45,1417,'WiFiReading'),(1485,45,1418,'WiFiReading'),(1486,45,1419,'WiFiReading'),(1487,45,1420,'WiFiReading'),(1488,45,1421,'WiFiReading'),(1489,45,1422,'WiFiReading'),(1490,45,1423,'WiFiReading'),(1491,45,1424,'WiFiReading'),(1492,45,1425,'WiFiReading');
/*!40000 ALTER TABLE `readinginmeasurement` ENABLE KEYS */;
UNLOCK TABLES;

--
-- Table structure for table `wifireading`
--

DROP TABLE IF EXISTS `wifireading`;
/*!40101 SET @saved_cs_client     = @@character_set_client */;
/*!40101 SET character_set_client = utf8 */;
CREATE TABLE `wifireading` (
  `wifiReadingId` int(10) unsigned NOT NULL AUTO_INCREMENT,
  `bssid` varchar(45) DEFAULT NULL,
  `ssid` varchar(45) DEFAULT NULL,
  `rssi` int(10) DEFAULT NULL,
  `wepEnabled` tinyint(1) DEFAULT NULL,
  `isInfrastructure` tinyint(1) DEFAULT NULL,
  PRIMARY KEY (`wifiReadingId`)
) ENGINE=InnoDB AUTO_INCREMENT=1426 DEFAULT CHARSET=latin1;
/*!40101 SET character_set_client = @saved_cs_client */;

--
-- Dumping data for table `wifireading`
--

LOCK TABLES `wifireading` WRITE;
/*!40000 ALTER TABLE `wifireading` DISABLE KEYS */;
INSERT INTO `wifireading` VALUES (19,'68:86:a7:56:a7:5d','SJSU_Guest',-69,0,0),(20,'68:86:a7:1c:c9:6d','SJSU_Guest',-69,0,0),(21,'68:86:a7:1c:c9:6f','SJSU_premier',-69,1,0),(22,'68:86:a7:56:a7:5f','SJSU_premier',-70,1,0),(23,'b4:e9:b0:ef:55:3f','SJSU_premier',-78,1,0),(24,'b4:e9:b0:ef:55:3d','SJSU_Guest',-77,0,0),(25,'20:3a:07:e5:da:67','SJSU_premier',-91,1,0),(26,'20:3a:07:e5:da:65','SJSU_Guest',-91,0,0),(27,'a4:18:75:59:12:67','SJSU_premier',-89,1,0),(28,'a4:18:75:59:12:65','SJSU_Guest',-89,0,0),(29,'b4:e9:b0:ef:55:30','SJSU_premier',-72,1,0),(30,'20:3a:07:49:a4:77','SJSU_premier',-90,1,0),(31,'cc:d5:39:89:36:dd','SJSU_Guest',-89,0,0),(32,'b4:e9:b0:b2:1f:9d','SJSU_Guest',-82,0,0),(33,'20:3a:07:e5:da:6d','SJSU_Guest',-83,0,0),(34,'20:3a:07:49:a4:75','SJSU_Guest',-91,0,0),(35,'b4:e9:b0:b4:b8:e2','SJSU_Guest',-88,0,0),(36,'68:86:a7:1c:c9:60','SJSU_premier',-69,1,0),(37,'20:3a:07:e5:da:6f','SJSU_premier',-89,1,0),(38,'b4:e9:b0:b2:1f:90','SJSU_premier',-86,1,0),(39,'68:86:a7:1c:c9:62','SJSU_Guest',-69,0,0),(40,'b4:e9:b0:ef:55:3f','SJSU_premier',-50,1,0),(41,'b4:e9:b0:ef:55:3d','SJSU_Guest',-50,0,0),(42,'b4:e9:b0:ef:55:2d','SJSU_Guest',-72,0,0),(43,'68:86:a7:56:a3:82','SJSU_Guest',-86,0,0),(44,'cc:d5:39:89:2c:7d','SJSU_Guest',-75,0,0),(45,'cc:d5:39:89:2c:7f','SJSU_premier',-75,1,0),(46,'b4:e9:b0:ef:55:2f','SJSU_premier',-72,1,0),(47,'68:86:a7:1c:ba:fd','SJSU_Guest',-78,0,0),(48,'68:86:a7:1c:c9:6f','SJSU_premier',-85,1,0),(49,'68:86:a7:56:a3:8f','SJSU_premier',-84,1,0),(50,'68:86:a7:d7:af:ff','SJSU_premier',-81,1,0),(51,'68:86:a7:1c:b5:ef','SJSU_premier',-88,1,0),(52,'68:86:a7:56:bb:3d','SJSU_Guest',-86,0,0),(53,'b4:e9:b0:ee:a8:0d','SJSU_Guest',-92,0,0),(54,'b4:e9:b0:b2:2e:6d','SJSU_Guest',-92,0,0),(55,'b4:e9:b0:b4:b8:ed','SJSU_Guest',-92,0,0),(56,'cc:d5:39:89:2c:70','SJSU_premier',-67,1,0),(57,'b4:e9:b0:ef:55:32','SJSU_Guest',-53,0,0),(58,'b4:e9:b0:b4:d7:80','SJSU_MyDevice',-81,0,0),(59,'b4:e9:b0:ef:55:3f','SJSU_premier',-65,1,0),(60,'b4:e9:b0:ef:55:3d','SJSU_Guest',-84,0,0),(80,'b4:e9:b0:ef:55:7f','SJSU_premier',-92,1,0),(81,'68:86:a7:56:a3:8d','SJSU_Guest',-60,0,0),(82,'68:86:a7:30:89:0d','SJSU_Guest',-81,0,0),(83,'68:86:a7:56:a3:ad','SJSU_Guest',-83,0,0),(84,'68:86:a7:56:a3:8f','SJSU_premier',-86,1,0),(85,'68:86:a7:56:a8:df','SJSU_premier',-87,1,0),(86,'68:86:a7:30:89:0f','SJSU_premier',-87,1,0),(87,'68:86:a7:30:8e:df','SJSU_premier',-76,1,0),(88,'68:86:a7:56:a3:af','SJSU_premier',-67,1,0),(89,'b4:e9:b0:ee:a1:df','SJSU_premier',-68,1,0),(90,'b4:e9:b0:b4:b8:ef','SJSU_premier',-67,1,0),(91,'68:86:a7:30:89:0d','SJSU_Guest',-72,0,0),(92,'68:86:a7:56:a3:ad','SJSU_Guest',-85,0,0),(93,'68:86:a7:d7:9f:4f','SJSU_premier',-63,1,0),(94,'b4:e9:b0:ee:a1:dd','SJSU_Guest',-68,0,0),(95,'b4:e9:b0:b4:b8:ed','SJSU_Guest',-67,0,0),(96,'68:86:a7:56:a8:dd','SJSU_Guest',-70,0,0),(97,'68:86:a7:30:8e:dd','SJSU_Guest',-75,0,0),(98,'b4:e9:b0:b4:28:ad','SJSU_Guest',-81,0,0),(99,'b4:e9:b0:b4:c6:72','SJSU_Guest',-85,0,0),(100,'68:86:a7:d7:9f:42','SJSU_Guest',-75,0,0),(101,'b4:e9:b0:b4:28:af','SJSU_premier',-71,1,0),(102,'b4:e9:b0:b2:2e:6f','SJSU_premier',-78,1,0),(103,'b4:e9:b0:ee:91:2f','SJSU_premier',-87,1,0),(104,'68:86:a7:56:bb:30','SJSU_premier',-88,1,0),(105,'68:86:a7:30:8e:d0','SJSU_premier',-88,1,0),(106,'68:86:a7:d7:9f:4d','SJSU_Guest',-63,0,0),(107,'b4:e9:b0:b4:c6:7d','SJSU_Guest',-74,0,0),(108,'b4:e9:b0:b2:2e:6d','SJSU_Guest',-79,0,0),(109,'b4:e9:b0:b4:b8:ef','SJSU_premier',-89,1,0),(110,'b4:e9:b0:b2:2e:6f','SJSU_premier',-88,1,0),(111,'b4:e9:b0:ee:91:2f','SJSU_premier',-68,1,0),(112,'b4:e9:b0:b4:c6:7d','SJSU_Guest',-46,0,0),(113,'b4:e9:b0:ef:55:7f','SJSU_premier',-47,1,0),(114,'b4:e9:b0:ef:55:7d','SJSU_Guest',-46,0,0),(115,'b4:e9:b0:b4:c6:7f','SJSU_premier',-46,1,0),(116,'b4:e9:b0:ef:6b:8f','SJSU_premier',-76,1,0),(117,'b4:e9:b0:b2:0c:af','SJSU_premier',-84,1,0),(118,'cc:d5:39:89:29:00','SJSU_premier',-77,1,0),(119,'68:86:a7:30:9a:50','SJSU_premier',-85,1,0),(120,'b4:e9:b0:ee:91:2d','SJSU_Guest',-70,0,0),(121,'b4:e9:b0:b2:0c:ad','SJSU_Guest',-84,0,0),(122,'cc:d5:39:89:29:0f','SJSU_premier',-77,1,0),(123,'b4:e9:b0:b2:15:df','SJSU_premier',-81,1,0),(124,'b4:e9:b0:ef:17:6f','SJSU_premier',-83,1,0),(125,'cc:d5:39:89:29:0d','SJSU_Guest',-77,0,0),(126,'b4:e9:b0:ef:6b:8d','SJSU_Guest',-77,0,0),(127,'b4:e9:b0:ef:17:62','SJSU_Guest',-75,0,0),(128,'b4:e9:b0:b2:15:dd','SJSU_Guest',-82,0,0),(129,'b4:e9:b0:ef:17:6d','SJSU_Guest',-83,0,0),(130,'b4:e9:b0:b2:15:9d','SJSU_Guest',-87,0,0),(131,'b4:e9:b0:b4:e5:2d','SJSU_Guest',-89,0,0),(132,'68:86:a7:d7:a1:5d','SJSU_Guest',-90,0,0),(133,'b4:e9:b0:b2:15:d0','SJSU_premier',-78,1,0),(134,'68:86:a7:d7:9f:40','SJSU_premier',-78,1,0),(135,'68:86:a7:30:8e:d0','SJSU_premier',-92,1,0),(136,'b4:e9:b0:b2:2e:62','SJSU_Guest',-85,0,0),(137,'b4:e9:b0:b4:b8:ef','SJSU_premier',-68,1,0),(138,'b4:e9:b0:b2:2e:6f','SJSU_premier',-90,1,0),(139,'b4:e9:b0:ee:91:2f','SJSU_premier',-65,1,0),(140,'b4:e9:b0:b4:c6:7d','SJSU_Guest',-51,0,0),(141,'b4:e9:b0:ef:55:7f','SJSU_premier',-85,1,0),(142,'b4:e9:b0:ef:55:7d','SJSU_Guest',-49,0,0),(143,'b4:e9:b0:b4:c6:7f','SJSU_premier',-88,1,0),(144,'b4:e9:b0:ef:6b:8f','SJSU_premier',-81,1,0),(145,'b4:e9:b0:b2:0c:af','SJSU_premier',-82,1,0),(146,'b4:e9:b0:ee:91:2d','SJSU_Guest',-65,0,0),(147,'b4:e9:b0:b2:0c:ad','SJSU_Guest',-82,0,0),(148,'b4:e9:b0:ef:17:6f','SJSU_premier',-71,1,0),(149,'cc:d5:39:89:29:0d','SJSU_Guest',-78,0,0),(150,'b4:e9:b0:ef:6b:8d','SJSU_Guest',-81,0,0),(151,'b4:e9:b0:ef:17:62','SJSU_Guest',-63,0,0),(152,'b4:e9:b0:ef:17:6d','SJSU_Guest',-71,0,0),(153,'b4:e9:b0:b2:15:9d','SJSU_Guest',-86,0,0),(154,'68:86:a7:d7:9f:40','SJSU_premier',-91,1,0),(155,'f0:29:29:2a:e7:00','SJSU_premier',-91,1,0),(156,'68:86:a7:d7:99:90','SJSU_premier',-92,1,0),(157,'68:86:a7:30:8e:df','SJSU_premier',-61,1,0),(158,'68:86:a7:56:a8:df','SJSU_premier',-67,1,0),(159,'b4:e9:b0:ee:a1:df','SJSU_premier',-84,1,0),(160,'68:86:a7:30:8e:dd','SJSU_Guest',-61,0,0),(161,'68:86:a7:56:a8:dd','SJSU_Guest',-67,0,0),(162,'b4:e9:b0:b4:b8:ed','SJSU_Guest',-67,0,0),(163,'68:86:a7:1c:ba:f2','SJSU_Guest',-93,0,0),(164,'b4:e9:b0:b4:b8:ef','SJSU_premier',-68,1,0),(165,'b4:e9:b0:b4:c6:7d','SJSU_Guest',-59,0,0),(166,'b4:e9:b0:ef:55:7f','SJSU_premier',-49,1,0),(167,'b4:e9:b0:ef:55:7d','SJSU_Guest',-49,0,0),(168,'b4:e9:b0:b4:c6:7f','SJSU_premier',-59,1,0),(169,'b4:e9:b0:ef:6b:8f','SJSU_premier',-63,1,0),(170,'b4:e9:b0:b2:0c:af','SJSU_premier',-74,1,0),(171,'b4:e9:b0:ee:91:2d','SJSU_Guest',-72,0,0),(172,'b4:e9:b0:b2:0c:ad','SJSU_Guest',-73,0,0),(173,'b4:e9:b0:ef:6b:8d','SJSU_Guest',-64,0,0),(174,'68:86:a7:30:8e:df','SJSU_premier',-69,1,0),(175,'68:86:a7:56:a8:df','SJSU_premier',-67,1,0),(176,'b4:e9:b0:ee:a1:df','SJSU_premier',-84,1,0),(177,'68:86:a7:30:8e:dd','SJSU_Guest',-69,0,0),(178,'68:86:a7:56:a8:dd','SJSU_Guest',-67,0,0),(179,'b4:e9:b0:b4:b8:ed','SJSU_Guest',-70,0,0),(180,'b4:e9:b0:b4:ee:a0','SJSU_premier',-91,1,0),(181,'b4:e9:b0:b4:28:a2','SJSU_Guest',-83,0,0),(182,'b4:e9:b0:b4:c6:70','SJSU_premier',-64,1,0),(183,'cc:d5:39:89:29:0f','SJSU_premier',-75,1,0),(184,'b4:e9:b0:b2:15:9f','SJSU_premier',-77,1,0),(185,'b4:e9:b0:b2:15:df','SJSU_premier',-78,1,0),(186,'b4:e9:b0:b4:e5:2f','SJSU_premier',-89,1,0),(187,'b4:e9:b0:b4:b8:e0','SJSU_premier',-91,1,0),(188,'f0:29:29:2a:e4:f0','SJSU_premier',-92,1,0),(189,'b4:e9:b0:ef:6b:82','SJSU_Guest',-67,0,0),(190,'cc:d5:39:89:29:0d','SJSU_Guest',-75,0,0),(191,'b4:e9:b0:b2:15:9d','SJSU_Guest',-76,0,0),(192,'b4:e9:b0:b2:15:dd','SJSU_Guest',-78,0,0),(193,'b4:e9:b0:b2:15:d2','SJSU_Guest',-76,0,0),(194,'68:86:a7:d7:99:9d','SJSU_Guest',-84,0,0),(195,'b4:e9:b0:b4:c6:7d','SJSU_Guest',-90,0,0),(196,'b4:e9:b0:ef:55:7f','SJSU_premier',-46,1,0),(197,'b4:e9:b0:ef:55:7d','SJSU_Guest',-46,0,0),(198,'b4:e9:b0:b4:c6:7f','SJSU_premier',-57,1,0),(199,'b4:e9:b0:ef:6b:8f','SJSU_premier',-69,1,0),(200,'b4:e9:b0:b2:0c:af','SJSU_premier',-44,1,0),(201,'b4:e9:b0:ee:91:2d','SJSU_Guest',-75,0,0),(202,'b4:e9:b0:b2:0c:ad','SJSU_Guest',-44,0,0),(203,'b4:e9:b0:ef:6b:8d','SJSU_Guest',-69,0,0),(204,'cc:d5:39:89:29:0f','SJSU_premier',-77,1,0),(205,'b4:e9:b0:b2:15:9f','SJSU_premier',-72,1,0),(206,'b4:e9:b0:b2:15:df','SJSU_premier',-74,1,0),(207,'b4:e9:b0:b4:e5:2f','SJSU_premier',-79,1,0),(208,'f0:29:29:2a:e4:f0','SJSU_premier',-78,1,0),(209,'cc:d5:39:89:29:0d','SJSU_Guest',-77,0,0),(210,'b4:e9:b0:b2:15:9d','SJSU_Guest',-71,0,0),(211,'b4:e9:b0:b2:15:dd','SJSU_Guest',-74,0,0),(212,'68:86:a7:d7:99:9d','SJSU_Guest',-84,0,0),(213,'b4:e9:b0:b2:15:90','SJSU_premier',-66,1,0),(214,'b4:e9:b0:ee:91:2f','SJSU_premier',-75,1,0),(215,'cc:d5:39:89:29:02','SJSU_Guest',-75,0,0),(216,'68:86:a7:30:9a:52','SJSU_Guest',-79,0,0),(217,'b4:e9:b0:b2:10:52','SJSU_Guest',-84,0,0),(218,'68:86:a7:30:9e:ed','SJSU_Guest',-89,0,0),(219,'b4:e9:b0:b4:e5:22','SJSU_Guest',-86,0,0),(220,'f0:29:29:2a:e4:f2','SJSU_Guest',-80,0,0),(221,'b4:e9:b0:ef:31:af','SJSU_premier',-72,1,0),(222,'b4:e9:b0:ef:31:a0','SJSU_premier',-68,1,0),(223,'68:86:a7:d7:99:9f','SJSU_premier',-76,1,0),(224,'b4:e9:b0:ef:55:70','SJSU_premier',-79,1,0),(225,'68:86:a7:30:9a:5f','SJSU_premier',-89,1,0),(226,'68:86:a7:1c:cd:6f','SJSU_premier',-90,1,0),(227,'68:86:a7:30:89:17','SJSU_premier',-91,1,0),(228,'b4:e9:b0:ef:31:ad','SJSU_Guest',-72,0,0),(229,'b4:e9:b0:b4:e5:2d','SJSU_Guest',-79,0,0),(230,'b4:e9:b0:b4:28:ad','SJSU_Guest',-86,0,0),(231,'b4:e9:b0:b4:c6:72','SJSU_Guest',-88,0,0),(232,'68:86:a7:30:89:15','SJSU_Guest',-92,0,0),(233,'b4:e9:b0:b4:c6:7d','SJSU_Guest',-87,0,0),(234,'b4:e9:b0:ef:6b:8f','SJSU_premier',-69,1,0),(235,'b4:e9:b0:b2:0c:af','SJSU_premier',-76,1,0),(236,'b4:e9:b0:b2:0c:ad','SJSU_Guest',-76,0,0),(237,'b4:e9:b0:ef:6b:8d','SJSU_Guest',-84,0,0),(238,'b4:e9:b0:b4:e5:2f','SJSU_premier',-84,1,0),(239,'b4:e9:b0:b2:15:dd','SJSU_Guest',-82,0,0),(240,'68:86:a7:d7:99:9d','SJSU_Guest',-66,0,0),(241,'68:86:a7:30:9e:ed','SJSU_Guest',-55,0,0),(242,'b4:e9:b0:ef:31:af','SJSU_premier',-88,1,0),(243,'68:86:a7:d7:99:9f','SJSU_premier',-67,1,0),(244,'68:86:a7:30:9a:5f','SJSU_premier',-83,1,0),(245,'68:86:a7:30:89:17','SJSU_premier',-91,1,0),(246,'b4:e9:b0:b4:e5:2d','SJSU_Guest',-79,0,0),(247,'68:86:a7:30:89:15','SJSU_Guest',-92,0,0),(248,'68:86:a7:d7:9b:1f','SJSU_premier',-70,1,0),(249,'68:86:a7:56:af:b0','SJSU_premier',-78,1,0),(250,'68:86:a7:d7:97:af','SJSU_premier',-89,1,0),(251,'68:86:a7:56:ba:8f','SJSU_premier',-89,1,0),(252,'b4:e9:b0:ef:6b:80','SJSU_premier',-87,1,0),(253,'cc:d5:39:89:2f:10','SJSU_premier',-92,1,0),(254,'68:86:a7:d7:9b:1d','SJSU_Guest',-71,0,0),(255,'f0:29:29:2a:af:d2','SJSU_Guest',-82,0,0),(256,'b4:e9:b0:b4:28:a2','SJSU_Guest',-87,0,0),(257,'b4:e9:b0:ef:51:c2','SJSU_Guest',-91,0,0),(258,'68:86:a7:30:9e:e2','SJSU_Guest',-91,0,0),(259,'b4:e9:b0:b4:28:82','SJSU_Guest',-92,0,0),(260,'68:86:a7:30:9e:ef','SJSU_premier',-55,1,0),(261,'b4:e9:b0:b2:2a:af','SJSU_premier',-66,1,0),(262,'68:86:a7:30:9b:af','SJSU_premier',-78,1,0),(263,'cc:d5:39:89:30:4f','SJSU_premier',-79,1,0),(264,'b4:e9:b0:ef:50:c0','SJSU_premier',-81,1,0),(265,'b4:e9:b0:ee:91:20','SJSU_premier',-83,1,0),(266,'68:86:a7:30:9b:a0','SJSU_premier',-84,1,0),(267,'b4:e9:b0:b4:e8:50','SJSU_premier',-88,1,0),(268,'f0:29:29:2a:c5:40','SJSU_premier',-91,1,0),(269,'b4:e9:b0:b2:2a:ad','SJSU_Guest',-66,0,0),(270,'b4:e9:b0:b4:e8:1d','SJSU_Guest',-72,0,0),(271,'b4:e9:b0:b2:2a:a2','SJSU_Guest',-68,0,0),(272,'68:86:a7:1c:cd:6d','SJSU_Guest',-80,0,0),(273,'f0:29:29:2a:c5:4d','SJSU_Guest',-91,0,0),(274,'b4:e9:b0:ef:55:72','SJSU_Guest',-90,0,0),(275,'b4:e9:b0:b2:0c:af','SJSU_premier',-60,1,0),(276,'b4:e9:b0:b2:0c:ad','SJSU_Guest',-60,0,0),(277,'b4:e9:b0:ef:6b:8d','SJSU_Guest',-66,0,0),(278,'b4:e9:b0:b4:e5:2f','SJSU_premier',-63,1,0),(279,'68:86:a7:d7:99:9d','SJSU_Guest',-59,0,0),(280,'68:86:a7:30:9e:ed','SJSU_Guest',-63,0,0),(281,'68:86:a7:d7:99:9f','SJSU_premier',-59,1,0),(282,'b4:e9:b0:b4:e5:2d','SJSU_Guest',-63,0,0),(283,'68:86:a7:d7:9b:1d','SJSU_Guest',-91,0,0),(284,'68:86:a7:30:9e:ef','SJSU_premier',-62,1,0),(285,'68:86:a7:30:9b:af','SJSU_premier',-92,1,0),(286,'b4:e9:b0:b2:2a:ad','SJSU_Guest',-81,0,0),(287,'b4:e9:b0:b4:e8:1d','SJSU_Guest',-74,0,0),(288,'f0:29:29:2a:c5:4d','SJSU_Guest',-75,0,0),(289,'b4:e9:b0:b4:e5:20','SJSU_premier',-67,1,0),(290,'b4:e9:b0:ef:55:7f','SJSU_premier',-75,1,0),(291,'cc:d5:39:89:29:00','SJSU_premier',-72,1,0),(292,'b4:e9:b0:b4:db:3d','SJSU_Guest',-75,0,0),(293,'68:86:a7:30:9a:50','SJSU_premier',-59,1,0),(294,'f0:29:29:2a:c5:4f','SJSU_premier',-75,1,0),(295,'b4:e9:b0:b2:10:57','SJSU_premier',-91,1,0),(296,'b4:e9:b0:ef:6b:82','SJSU_Guest',-64,0,0),(297,'b4:e9:b0:b2:15:9d','SJSU_Guest',-82,0,0),(298,'b4:e9:b0:b2:15:d2','SJSU_Guest',-79,0,0),(299,'b4:e9:b0:b2:10:55','SJSU_Guest',-91,0,0),(300,'f0:29:29:2a:b4:12','SJSU_Guest',-91,0,0),(301,'88:75:56:1f:bd:32','SJSU_Guest',-92,0,0),(302,'b4:e9:b0:ef:6b:8f','SJSU_premier',-65,1,0),(303,'b4:e9:b0:b4:db:3f','SJSU_premier',-71,1,0),(304,'b4:e9:b0:ee:91:2f','SJSU_premier',-73,1,0),(305,'b4:e9:b0:ee:91:20','SJSU_premier',-72,1,0),(306,'68:86:a7:30:9e:e0','SJSU_premier',-83,1,0),(307,'f0:29:29:2a:b4:17','SJSU_premier',-93,1,0),(308,'f0:29:29:2a:b4:10','SJSU_premier',-91,1,0),(309,'68:86:a7:d7:99:92','SJSU_Guest',-59,0,0),(310,'b4:e9:b0:ef:55:7d','SJSU_Guest',-75,0,0),(311,'b4:e9:b0:ef:31:a2','SJSU_Guest',-71,0,0),(312,'b4:e9:b0:ef:55:72','SJSU_Guest',-77,0,0),(313,'f0:29:29:2a:c5:42','SJSU_Guest',-79,0,0),(314,'68:86:a7:30:9b:ad','SJSU_Guest',-88,0,0),(315,'68:86:a7:1c:cd:6d','SJSU_Guest',-88,0,0),(316,'f0:29:29:2a:b4:15','SJSU_Guest',-92,0,0),(317,'b4:e9:b0:b2:0c:af','SJSU_premier',-60,1,0),(318,'b4:e9:b0:b2:0c:ad','SJSU_Guest',-89,0,0),(319,'b4:e9:b0:b4:e5:2f','SJSU_premier',-63,1,0),(320,'68:86:a7:d7:99:9d','SJSU_Guest',-59,0,0),(321,'68:86:a7:d7:99:9f','SJSU_premier',-84,1,0),(322,'b4:e9:b0:b4:e5:2d','SJSU_Guest',-88,0,0),(323,'b4:e9:b0:ef:55:7f','SJSU_premier',-67,1,0),(324,'b4:e9:b0:b2:10:57','SJSU_premier',-91,1,0),(325,'b4:e9:b0:b2:10:55','SJSU_Guest',-91,0,0),(326,'b4:e9:b0:ef:6b:8f','SJSU_premier',-87,1,0),(327,'b4:e9:b0:b4:db:3f','SJSU_premier',-71,1,0),(328,'b4:e9:b0:ee:91:2f','SJSU_premier',-64,1,0),(329,'b4:e9:b0:ee:91:20','SJSU_premier',-60,1,0),(330,'68:86:a7:30:9e:e0','SJSU_premier',-77,1,0),(331,'f0:29:29:2a:b4:17','SJSU_premier',-93,1,0),(332,'f0:29:29:2a:b4:10','SJSU_premier',-91,1,0),(333,'68:86:a7:d7:99:92','SJSU_Guest',-91,0,0),(334,'b4:e9:b0:ef:55:7d','SJSU_Guest',-67,0,0),(335,'b4:e9:b0:ef:31:a2','SJSU_Guest',-71,0,0),(336,'b4:e9:b0:ef:55:72','SJSU_Guest',-74,0,0),(337,'f0:29:29:2a:c5:42','SJSU_Guest',-79,0,0),(338,'68:86:a7:30:9b:ad','SJSU_Guest',-88,0,0),(339,'68:86:a7:1c:cd:6d','SJSU_Guest',-91,0,0),(340,'f0:29:29:2a:b4:15','SJSU_Guest',-92,0,0),(341,'cc:d5:39:89:29:0f','SJSU_premier',-78,1,0),(342,'b4:e9:b0:b4:c6:7f','SJSU_premier',-71,1,0),(343,'b4:e9:b0:b2:2e:6f','SJSU_premier',-90,1,0),(344,'b4:e9:b0:b4:e8:1f','SJSU_premier',-92,1,0),(345,'b4:e9:b0:ee:91:2d','SJSU_Guest',-63,0,0),(346,'68:86:a7:d7:a1:5d','SJSU_Guest',-90,0,0),(347,'f0:29:29:2a:e7:02','SJSU_Guest',-86,0,0),(348,'b4:e9:b0:b2:0c:af','SJSU_premier',-89,1,0),(349,'68:86:a7:d7:99:9f','SJSU_premier',-86,1,0),(350,'68:86:a7:30:9b:ad','SJSU_Guest',-65,0,0),(351,'68:86:a7:30:9e:ef','SJSU_premier',-56,1,0),(352,'b4:e9:b0:b2:2a:af','SJSU_premier',-66,1,0),(353,'68:86:a7:1c:cd:6f','SJSU_premier',-70,1,0),(354,'68:86:a7:30:9b:af','SJSU_premier',-65,1,0),(355,'cc:d5:39:89:30:4f','SJSU_premier',-56,1,0),(356,'f0:29:29:2a:e5:ef','SJSU_premier',-83,1,0),(357,'68:86:a7:30:9e:ed','SJSU_Guest',-55,0,0),(358,'b4:e9:b0:b2:2a:ad','SJSU_Guest',-66,0,0),(359,'68:86:a7:d7:9b:1d','SJSU_Guest',-72,0,0),(360,'cc:d5:39:89:30:4d','SJSU_Guest',-57,0,0),(361,'88:75:56:1f:bd:3f','SJSU_premier',-58,1,0),(362,'88:75:56:1f:bd:30','SJSU_premier',-56,1,0),(363,'68:86:a7:30:9e:e0','SJSU_premier',-58,1,0),(364,'cc:d5:39:89:39:1f','SJSU_premier',-80,1,0),(365,'b4:e9:b0:ef:50:cf','SJSU_premier',-81,1,0),(366,'88:75:56:c7:4f:ff','SJSU_premier',-83,1,0),(367,'68:86:a7:30:89:1f','SJSU_premier',-86,1,0),(368,'b4:e9:b0:b4:bb:10','SJSU_premier',-84,1,0),(369,'68:86:a7:56:a4:27','SJSU_premier',-85,1,0),(370,'b4:e9:b0:b4:bb:1f','SJSU_premier',-89,1,0),(371,'b4:e9:b0:b2:0f:cf','SJSU_premier',-89,1,0),(372,'68:86:a7:1c:b9:0f','SJSU_premier',-90,1,0),(373,'68:86:a7:30:89:17','SJSU_premier',-89,1,0),(374,'68:86:a7:1c:b9:07','SJSU_premier',-89,1,0),(375,'cc:d5:39:89:3e:67','SJSU_premier',-88,1,0),(376,'b4:e9:b0:b2:0f:c0','SJSU_premier',-88,1,0),(377,'b4:e9:b0:ee:91:20','SJSU_premier',-90,1,0),(378,'88:75:56:1f:bd:3d','SJSU_Guest',-57,0,0),(379,'68:86:a7:1c:cd:6d','SJSU_Guest',-72,0,0),(380,'f0:29:29:2a:e5:ed','SJSU_Guest',-81,0,0),(381,'b4:e9:b0:ef:50:cd','SJSU_Guest',-81,0,0),(382,'b4:e9:b0:ef:50:c2','SJSU_Guest',-79,0,0),(383,'88:90:8d:93:3a:ad','SJSU_Guest',-86,0,0),(384,'68:86:a7:30:89:15','SJSU_Guest',-90,0,0),(385,'68:86:a7:56:a4:25','SJSU_Guest',-86,0,0),(386,'b4:e9:b0:b4:e8:5d','SJSU_Guest',-87,0,0),(387,'68:86:a7:1c:b9:05','SJSU_Guest',-89,0,0),(388,'88:75:56:c7:4f:f2','SJSU_Guest',-85,0,0),(389,'68:86:a7:56:a4:22','SJSU_Guest',-91,0,0),(390,'b4:e9:b0:b2:2a:a0','SJSU_premier',-64,1,0),(391,'b4:e9:b0:b4:e8:5f','SJSU_premier',-86,1,0),(392,'88:90:8d:93:3a:af','SJSU_premier',-86,1,0),(393,'cc:d5:39:89:36:5f','SJSU_premier',-89,1,0),(394,'b4:e9:b0:ee:91:2f','SJSU_premier',-89,1,0),(395,'cc:d5:39:89:3e:65','SJSU_Guest',-88,0,0),(396,'b4:e9:b0:b2:0c:af','SJSU_premier',-90,1,0),(397,'68:86:a7:30:9b:ad','SJSU_Guest',-65,0,0),(398,'68:86:a7:30:9e:ef','SJSU_premier',-37,1,0),(399,'b4:e9:b0:b2:2a:af','SJSU_premier',-67,1,0),(400,'68:86:a7:1c:cd:6f','SJSU_premier',-52,1,0),(401,'68:86:a7:30:9b:af','SJSU_premier',-50,1,0),(402,'cc:d5:39:89:30:4f','SJSU_premier',-69,1,0),(403,'68:86:a7:30:9e:ed','SJSU_Guest',-37,0,0),(404,'b4:e9:b0:b2:2a:ad','SJSU_Guest',-84,0,0),(405,'cc:d5:39:89:30:4d','SJSU_Guest',-70,0,0),(406,'88:75:56:1f:bd:3f','SJSU_premier',-83,1,0),(407,'68:86:a7:56:a4:27','SJSU_premier',-82,1,0),(408,'68:86:a7:30:89:17','SJSU_premier',-87,1,0),(409,'68:86:a7:1c:b9:07','SJSU_premier',-89,1,0),(410,'cc:d5:39:89:3e:67','SJSU_premier',-89,1,0),(411,'88:75:56:1f:bd:3d','SJSU_Guest',-82,0,0),(412,'f0:29:29:2a:e5:ed','SJSU_Guest',-83,0,0),(413,'88:90:8d:93:3a:ad','SJSU_Guest',-77,0,0),(414,'68:86:a7:30:89:15','SJSU_Guest',-87,0,0),(415,'68:86:a7:56:a4:25','SJSU_Guest',-83,0,0),(416,'b4:e9:b0:b4:e8:5d','SJSU_Guest',-85,0,0),(417,'68:86:a7:1c:b9:05','SJSU_Guest',-89,0,0),(418,'b4:e9:b0:b4:e8:5f','SJSU_premier',-86,1,0),(419,'b4:e9:b0:ee:91:2f','SJSU_premier',-89,1,0),(420,'cc:d5:39:89:3e:65','SJSU_Guest',-90,0,0),(421,'68:86:a7:d7:9b:1f','SJSU_premier',-82,1,0),(422,'68:86:a7:d7:99:9d','SJSU_Guest',-80,0,0),(423,'68:86:a7:30:9e:e0','SJSU_premier',-30,1,0),(424,'88:75:56:1f:bd:30','SJSU_premier',-76,1,0),(425,'88:90:8d:93:3d:5f','SJSU_premier',-83,1,0),(426,'b4:e9:b0:ef:6b:80','SJSU_premier',-87,1,0),(427,'68:86:a7:1c:cd:6d','SJSU_Guest',-52,0,0),(428,'68:86:a7:30:9b:a2','SJSU_Guest',-63,0,0),(429,'88:90:8d:93:3c:1d','SJSU_Guest',-72,0,0),(430,'88:75:56:c7:4f:f2','SJSU_Guest',-72,0,0),(431,'b4:e9:b0:b4:e8:52','SJSU_Guest',-79,0,0),(432,'88:90:8d:93:3d:5d','SJSU_Guest',-82,0,0),(433,'68:86:a7:56:a4:22','SJSU_Guest',-82,0,0),(434,'88:90:8d:93:3c:1f','SJSU_premier',-71,1,0),(435,'88:75:56:c7:4f:ff','SJSU_premier',-72,1,0),(436,'68:86:a7:56:af:bf','SJSU_premier',-88,1,0),(437,'cc:d5:39:89:39:df','SJSU_premier',-89,1,0),(438,'cc:d5:39:89:2e:f7','SJSU_premier',-92,1,0),(439,'68:86:a7:30:9e:e2','SJSU_Guest',-49,0,0),(440,'88:75:56:c7:4f:fd','SJSU_Guest',-72,0,0),(441,'88:75:56:1f:bd:32','SJSU_Guest',-82,0,0),(442,'68:86:a7:1c:b9:0d','SJSU_Guest',-89,0,0),(443,'68:86:a7:30:89:1d','SJSU_Guest',-89,0,0),(444,'cc:d5:39:89:2e:f5','SJSU_Guest',-91,0,0),(445,'cc:d5:39:89:39:d2','SJSU_Guest',-85,0,0),(446,'68:86:a7:30:9b:ad','SJSU_Guest',-52,0,0),(447,'68:86:a7:30:9e:ef','SJSU_premier',-43,1,0),(448,'b4:e9:b0:b2:2a:af','SJSU_premier',-86,1,0),(449,'68:86:a7:1c:cd:6f','SJSU_premier',-59,1,0),(450,'68:86:a7:30:9b:af','SJSU_premier',-52,1,0),(451,'cc:d5:39:89:30:4f','SJSU_premier',-72,1,0),(452,'68:86:a7:30:9e:ed','SJSU_Guest',-43,0,0),(453,'b4:e9:b0:b2:2a:ad','SJSU_Guest',-84,0,0),(454,'cc:d5:39:89:30:4d','SJSU_Guest',-73,0,0),(455,'88:75:56:1f:bd:3f','SJSU_premier',-84,1,0),(456,'68:86:a7:56:a4:27','SJSU_premier',-81,1,0),(457,'68:86:a7:30:89:17','SJSU_premier',-88,1,0),(458,'68:86:a7:1c:b9:07','SJSU_premier',-87,1,0),(459,'cc:d5:39:89:3e:67','SJSU_premier',-89,1,0),(460,'88:75:56:1f:bd:3d','SJSU_Guest',-83,0,0),(461,'88:90:8d:93:3a:ad','SJSU_Guest',-81,0,0),(462,'68:86:a7:30:89:15','SJSU_Guest',-89,0,0),(463,'68:86:a7:56:a4:25','SJSU_Guest',-81,0,0),(464,'68:86:a7:1c:b9:05','SJSU_Guest',-88,0,0),(465,'cc:d5:39:89:3e:65','SJSU_Guest',-89,0,0),(466,'68:86:a7:30:9e:e0','SJSU_premier',-38,1,0),(467,'88:75:56:1f:bd:30','SJSU_premier',-85,1,0),(468,'68:86:a7:1c:cd:6d','SJSU_Guest',-59,0,0),(469,'68:86:a7:30:9b:a2','SJSU_Guest',-63,0,0),(470,'88:90:8d:93:3c:1d','SJSU_Guest',-78,0,0),(471,'88:75:56:c7:4f:f2','SJSU_Guest',-75,0,0),(472,'b4:e9:b0:b4:e8:52','SJSU_Guest',-79,0,0),(473,'88:90:8d:93:3c:1f','SJSU_premier',-71,1,0),(474,'88:75:56:c7:4f:ff','SJSU_premier',-70,1,0),(475,'68:86:a7:56:af:bf','SJSU_premier',-88,1,0),(476,'cc:d5:39:89:39:df','SJSU_premier',-89,1,0),(477,'cc:d5:39:89:2e:f7','SJSU_premier',-92,1,0),(478,'68:86:a7:30:9e:e2','SJSU_Guest',-49,0,0),(479,'88:75:56:c7:4f:fd','SJSU_Guest',-69,0,0),(480,'88:75:56:1f:bd:32','SJSU_Guest',-82,0,0),(481,'68:86:a7:1c:b9:0d','SJSU_Guest',-89,0,0),(482,'68:86:a7:30:89:1d','SJSU_Guest',-89,0,0),(483,'cc:d5:39:89:2e:f5','SJSU_Guest',-91,0,0),(484,'cc:d5:39:89:39:d2','SJSU_Guest',-85,0,0),(485,'b4:e9:b0:b4:e8:50','SJSU_premier',-82,1,0),(486,'68:86:a7:1c:b9:0f','SJSU_premier',-86,1,0),(487,'68:86:a7:1c:b9:02','SJSU_Guest',-88,0,0),(488,'68:86:a7:30:9b:ad','SJSU_Guest',-70,0,0),(489,'68:86:a7:30:9e:ef','SJSU_premier',-78,1,0),(490,'b4:e9:b0:b2:2a:af','SJSU_premier',-91,1,0),(491,'68:86:a7:1c:cd:6f','SJSU_premier',-74,1,0),(492,'68:86:a7:30:9b:af','SJSU_premier',-71,1,0),(493,'cc:d5:39:89:30:4f','SJSU_premier',-80,1,0),(494,'68:86:a7:30:9e:ed','SJSU_Guest',-79,0,0),(495,'cc:d5:39:89:30:4d','SJSU_Guest',-81,0,0),(496,'68:86:a7:56:a4:27','SJSU_premier',-89,1,0),(497,'68:86:a7:30:89:17','SJSU_premier',-89,1,0),(498,'68:86:a7:1c:b9:07','SJSU_premier',-92,1,0),(499,'68:86:a7:30:89:15','SJSU_Guest',-89,0,0),(500,'68:86:a7:56:a4:25','SJSU_Guest',-91,0,0),(501,'68:86:a7:1c:b9:05','SJSU_Guest',-88,0,0),(502,'68:86:a7:1c:cd:6d','SJSU_Guest',-74,0,0),(503,'88:75:56:c7:4f:ff','SJSU_premier',-79,1,0),(504,'68:86:a7:56:af:bf','SJSU_premier',-63,1,0),(505,'cc:d5:39:89:37:f5','SJSU_Guest',-73,0,0),(506,'68:86:a7:56:af:bd','SJSU_Guest',-63,0,0),(507,'68:86:a7:1c:be:1f','SJSU_premier',-58,1,0),(508,'cc:d5:39:89:39:d0','SJSU_premier',-63,1,0),(509,'68:86:a7:56:c2:af','SJSU_premier',-71,1,0),(510,'cc:d5:39:89:2f:4f','SJSU_premier',-82,1,0),(511,'cc:d5:39:89:37:f7','SJSU_premier',-74,1,0),(512,'68:86:a7:1c:be:1d','SJSU_Guest',-58,0,0),(513,'68:86:a7:56:b9:9d','SJSU_Guest',-76,0,0),(514,'68:86:a7:56:c2:ad','SJSU_Guest',-72,0,0),(515,'cc:d5:39:89:39:7d','SJSU_Guest',-78,0,0),(516,'68:86:a7:56:af:b0','SJSU_premier',-57,1,0),(517,'68:86:a7:56:b9:9f','SJSU_premier',-78,1,0),(518,'68:86:a7:30:89:1f','SJSU_premier',-85,1,0),(519,'68:86:a7:56:c0:37','SJSU_premier',-90,1,0),(520,'68:86:a7:30:9e:e2','SJSU_Guest',-73,0,0),(521,'68:86:a7:30:9b:a2','SJSU_Guest',-73,0,0),(522,'68:86:a7:56:b5:7d','SJSU_Guest',-78,0,0),(523,'68:86:a7:56:bd:02','SJSU_Guest',-79,0,0),(524,'cc:d5:39:89:37:f2','SJSU_Guest',-85,0,0),(525,'68:86:a7:56:b5:72','SJSU_Guest',-88,0,0),(526,'68:86:a7:56:c0:35','SJSU_Guest',-89,0,0),(527,'68:86:a7:56:bd:0f','SJSU_premier',-79,1,0),(528,'88:75:56:1f:bd:3f','SJSU_premier',-88,1,0),(529,'68:86:a7:56:bd:0d','SJSU_Guest',-79,0,0),(530,'cc:d5:39:89:36:52','SJSU_Guest',-81,0,0),(531,'68:86:a7:56:c2:a2','SJSU_Guest',-82,0,0),(532,'b4:e9:b0:b4:e7:d2','SJSU_Guest',-83,0,0),(533,'68:86:a7:56:bc:62','SJSU_Guest',-92,0,0),(534,'cc:d5:39:89:39:df','SJSU_premier',-56,1,0),(535,'68:86:a7:56:be:7f','SJSU_premier',-68,1,0),(536,'68:86:a7:d7:97:af','SJSU_premier',-76,1,0),(537,'68:86:a7:56:be:70','SJSU_premier',-73,1,0),(538,'68:86:a7:56:a7:1f','SJSU_premier',-89,1,0),(539,'cc:d5:39:89:39:dd','SJSU_Guest',-54,0,0),(540,'cc:d5:39:89:36:5d','SJSU_Guest',-61,0,0),(541,'68:86:a7:1c:cd:62','SJSU_Guest',-73,0,0),(542,'68:86:a7:56:bc:6d','SJSU_Guest',-79,0,0),(543,'cc:d5:39:89:2f:02','SJSU_Guest',-88,0,0),(544,'68:86:a7:30:9b:ad','SJSU_Guest',-70,0,0),(545,'68:86:a7:1c:cd:6f','SJSU_premier',-63,1,0),(546,'68:86:a7:30:9b:af','SJSU_premier',-70,1,0),(547,'68:86:a7:30:9e:ed','SJSU_Guest',-68,0,0),(548,'68:86:a7:1c:b9:07','SJSU_premier',-88,1,0),(549,'68:86:a7:1c:b9:05','SJSU_Guest',-86,0,0),(550,'68:86:a7:1c:cd:6d','SJSU_Guest',-63,0,0),(551,'68:86:a7:56:af:bf','SJSU_premier',-68,1,0),(552,'cc:d5:39:89:37:f5','SJSU_Guest',-89,0,0),(553,'68:86:a7:56:af:bd','SJSU_Guest',-69,0,0),(554,'68:86:a7:1c:be:1f','SJSU_premier',-78,1,0),(555,'68:86:a7:56:c2:af','SJSU_premier',-77,1,0),(556,'cc:d5:39:89:2f:4f','SJSU_premier',-85,1,0),(557,'cc:d5:39:89:37:f7','SJSU_premier',-89,1,0),(558,'68:86:a7:1c:be:1d','SJSU_Guest',-78,0,0),(559,'68:86:a7:56:b9:9d','SJSU_Guest',-79,0,0),(560,'68:86:a7:56:c2:ad','SJSU_Guest',-77,0,0),(561,'68:86:a7:56:af:b0','SJSU_premier',-68,1,0),(562,'68:86:a7:56:b9:9f','SJSU_premier',-79,1,0),(563,'68:86:a7:30:9e:e2','SJSU_Guest',-74,0,0),(564,'cc:d5:39:89:39:df','SJSU_premier',-58,1,0),(565,'68:86:a7:56:be:7f','SJSU_premier',-69,1,0),(566,'cc:d5:39:89:39:dd','SJSU_Guest',-57,0,0),(567,'cc:d5:39:89:36:5d','SJSU_Guest',-79,0,0),(568,'cc:d5:39:89:36:5f','SJSU_premier',-79,1,0),(569,'68:86:a7:56:ba:8f','SJSU_premier',-82,1,0),(570,'cc:d5:39:89:2f:00','SJSU_premier',-90,1,0),(571,'68:86:a7:56:be:7d','SJSU_Guest',-70,0,0),(572,'cc:d5:39:89:2f:4d','SJSU_Guest',-88,0,0),(573,'88:75:56:c7:4f:fd','SJSU_Guest',-85,0,0),(574,'cc:d5:39:89:39:d0','SJSU_premier',-56,1,0),(575,'68:86:a7:30:9e:e0','SJSU_premier',-74,1,0),(576,'b4:e9:b0:b4:e7:df','SJSU_premier',-86,1,0),(577,'68:86:a7:56:a4:27','SJSU_premier',-86,1,0),(578,'68:86:a7:56:a4:2f','SJSU_premier',-89,1,0),(579,'cc:d5:39:89:37:f0','SJSU_premier',-87,1,0),(580,'b4:e9:b0:b4:eb:30','SJSU_premier',-92,1,0),(581,'88:75:56:1f:bd:30','SJSU_premier',-93,1,0),(582,'68:86:a7:56:bd:02','SJSU_Guest',-80,0,0),(583,'68:86:a7:1c:b9:0d','SJSU_Guest',-86,0,0),(584,'68:86:a7:56:a4:25','SJSU_Guest',-89,0,0),(585,'68:86:a7:56:bd:0f','SJSU_premier',-81,1,0),(586,'68:86:a7:1c:be:10','SJSU_premier',-87,1,0),(587,'68:86:a7:56:bd:0d','SJSU_Guest',-81,0,0),(588,'68:86:a7:56:ba:8d','SJSU_Guest',-81,0,0),(589,'cc:d5:39:89:30:42','SJSU_Guest',-90,0,0),(590,'68:86:a7:1c:cd:60','SJSU_premier',-63,1,0),(591,'68:86:a7:30:9e:ef','SJSU_premier',-69,1,0),(592,'68:86:a7:56:b5:7f','SJSU_premier',-86,1,0),(593,'cc:d5:39:89:30:4f','SJSU_premier',-89,1,0),(594,'cc:d5:39:89:3b:5f','SJSU_premier',-91,1,0),(595,'68:86:a7:30:9b:ad','SJSU_Guest',-84,0,0),(596,'68:86:a7:30:9b:af','SJSU_premier',-83,1,0),(597,'68:86:a7:1c:be:1f','SJSU_premier',-68,1,0),(598,'cc:d5:39:89:2f:4f','SJSU_premier',-56,1,0),(599,'68:86:a7:1c:be:1d','SJSU_Guest',-68,0,0),(600,'68:86:a7:56:b9:9d','SJSU_Guest',-69,0,0),(601,'68:86:a7:56:b9:9f','SJSU_premier',-68,1,0),(602,'68:86:a7:56:be:7f','SJSU_premier',-79,1,0),(603,'cc:d5:39:89:36:5d','SJSU_Guest',-72,0,0),(604,'cc:d5:39:89:36:5f','SJSU_premier',-74,1,0),(605,'68:86:a7:56:be:7d','SJSU_Guest',-78,0,0),(606,'68:86:a7:30:9e:ef','SJSU_premier',-83,1,0),(607,'68:86:a7:56:c0:37','SJSU_premier',-88,1,0),(608,'68:86:a7:56:c2:ad','SJSU_Guest',-81,0,0),(609,'68:86:a7:56:c0:35','SJSU_Guest',-88,0,0),(610,'cc:d5:39:89:30:4f','SJSU_premier',-82,1,0),(611,'cc:d5:39:89:30:4d','SJSU_Guest',-82,0,0),(612,'68:86:a7:56:b5:7d','SJSU_Guest',-62,0,0),(613,'68:86:a7:56:b5:7f','SJSU_premier',-62,1,0),(614,'68:86:a7:56:c2:af','SJSU_premier',-61,1,0),(615,'68:86:a7:56:bc:6f','SJSU_premier',-56,1,0),(616,'cc:d5:39:89:38:5f','SJSU_premier',-81,1,0),(617,'b4:e9:b0:ef:61:ef','SJSU_premier',-86,1,0),(618,'68:86:a7:56:a7:17','SJSU_premier',-87,1,0),(619,'cc:d5:39:89:3b:57','SJSU_premier',-90,1,0),(620,'cc:d5:39:89:2e:f7','SJSU_premier',-91,1,0),(621,'cc:d5:39:89:38:57','SJSU_premier',-90,1,0),(622,'68:86:a7:30:a2:80','SJSU_premier',-87,1,0),(623,'cc:d5:39:89:36:52','SJSU_Guest',-81,0,0),(624,'68:86:a7:56:c2:a2','SJSU_Guest',-62,0,0),(625,'cc:d5:39:89:2f:4d','SJSU_Guest',-56,0,0),(626,'68:86:a7:56:b9:92','SJSU_Guest',-69,0,0),(627,'68:86:a7:56:bc:6d','SJSU_Guest',-56,0,0),(628,'cc:d5:39:89:39:7d','SJSU_Guest',-65,0,0),(629,'68:86:a7:56:a7:15','SJSU_Guest',-87,0,0),(630,'cc:d5:39:89:3b:55','SJSU_Guest',-91,0,0),(631,'cc:d5:39:89:2e:f5','SJSU_Guest',-91,0,0),(632,'b4:e9:b0:ef:1c:72','SJSU_Guest',-86,0,0),(633,'cc:d5:39:89:38:55','SJSU_Guest',-89,0,0),(634,'cc:d5:39:89:39:7f','SJSU_premier',-65,1,0),(635,'cc:d5:39:89:3b:bf','SJSU_premier',-66,1,0),(636,'b4:e9:b0:ef:51:cf','SJSU_premier',-75,1,0),(637,'68:86:a7:30:1a:27','SJSU_premier',-82,1,0),(638,'cc:d5:39:89:38:87','SJSU_premier',-82,1,0),(639,'cc:d5:39:89:2f:1f','SJSU_premier',-86,1,0),(640,'cc:d5:39:89:3b:5f','SJSU_premier',-88,1,0),(641,'68:86:a7:56:c4:a7','SJSU_premier',-91,1,0),(642,'cc:d5:39:89:2e:f0','SJSU_premier',-91,1,0),(643,'cc:d5:39:89:3b:bd','SJSU_Guest',-66,0,0),(644,'b4:e9:b0:ef:51:cd','SJSU_Guest',-76,0,0),(645,'68:86:a7:30:1a:25','SJSU_Guest',-82,0,0),(646,'cc:d5:39:89:38:85','SJSU_Guest',-82,0,0),(647,'b4:e9:b0:ef:1c:7d','SJSU_Guest',-82,0,0),(648,'68:86:a7:56:c4:a5','SJSU_Guest',-92,0,0),(649,'b4:e9:b0:ef:65:c2','SJSU_Guest',-93,0,0),(650,'cc:d5:39:89:2f:4f','SJSU_premier',-47,1,0),(651,'68:86:a7:56:b9:9d','SJSU_Guest',-68,0,0),(652,'68:86:a7:56:b9:9f','SJSU_premier',-68,1,0),(653,'cc:d5:39:89:36:5d','SJSU_Guest',-81,0,0),(654,'cc:d5:39:89:36:5f','SJSU_premier',-69,1,0),(655,'68:86:a7:56:be:7d','SJSU_Guest',-87,0,0),(656,'68:86:a7:56:c2:ad','SJSU_Guest',-80,0,0),(657,'cc:d5:39:89:30:4f','SJSU_premier',-83,1,0),(658,'68:86:a7:56:b5:7d','SJSU_Guest',-76,0,0),(659,'68:86:a7:56:b5:7f','SJSU_premier',-77,1,0),(660,'68:86:a7:56:c2:af','SJSU_premier',-82,1,0),(661,'68:86:a7:56:bc:6f','SJSU_premier',-72,1,0),(662,'cc:d5:39:89:3b:57','SJSU_premier',-81,1,0),(663,'cc:d5:39:89:38:57','SJSU_premier',-89,1,0),(664,'cc:d5:39:89:2f:4d','SJSU_Guest',-47,0,0),(665,'68:86:a7:56:bc:6d','SJSU_Guest',-61,0,0),(666,'cc:d5:39:89:39:7d','SJSU_Guest',-64,0,0),(667,'cc:d5:39:89:3b:55','SJSU_Guest',-81,0,0),(668,'cc:d5:39:89:38:55','SJSU_Guest',-87,0,0),(669,'cc:d5:39:89:39:7f','SJSU_premier',-63,1,0),(670,'cc:d5:39:89:3b:bf','SJSU_premier',-52,1,0),(671,'b4:e9:b0:ef:51:cf','SJSU_premier',-78,1,0),(672,'68:86:a7:30:1a:27','SJSU_premier',-86,1,0),(673,'cc:d5:39:89:38:87','SJSU_premier',-73,1,0),(674,'cc:d5:39:89:2f:1f','SJSU_premier',-85,1,0),(675,'68:86:a7:56:c4:a7','SJSU_premier',-88,1,0),(676,'cc:d5:39:89:2e:f0','SJSU_premier',-87,1,0),(677,'cc:d5:39:89:3b:bd','SJSU_Guest',-52,0,0),(678,'b4:e9:b0:ef:51:cd','SJSU_Guest',-78,0,0),(679,'68:86:a7:30:1a:25','SJSU_Guest',-85,0,0),(680,'cc:d5:39:89:38:85','SJSU_Guest',-73,0,0),(681,'68:86:a7:56:c4:a5','SJSU_Guest',-88,0,0),(682,'cc:d5:39:89:38:8f','SJSU_premier',-79,1,0),(683,'b4:e9:b0:ef:1c:7f','SJSU_premier',-86,1,0),(684,'cc:d5:39:89:2f:42','SJSU_Guest',-51,0,0),(685,'cc:d5:39:89:38:5d','SJSU_Guest',-78,0,0),(686,'68:86:a7:56:bc:60','SJSU_premier',-56,1,0),(687,'b4:e9:b0:ef:4e:a0','SJSU_premier',-91,1,0),(688,'cc:d5:39:89:39:72','SJSU_Guest',-70,0,0),(689,'68:86:a7:30:1a:22','SJSU_Guest',-75,0,0),(690,'cc:d5:39:89:38:82','SJSU_Guest',-81,0,0),(691,'68:86:a7:1c:cd:6d','SJSU_Guest',-88,0,0),(692,'cc:d5:39:89:3b:5f','SJSU_premier',-84,1,0),(693,'88:90:8d:93:30:df','SJSU_premier',-85,1,0),(694,'cc:d5:39:89:2e:f7','SJSU_premier',-89,1,0),(695,'68:86:a7:1c:cd:60','SJSU_premier',-87,1,0),(696,'cc:d5:39:89:38:8d','SJSU_Guest',-75,0,0),(697,'88:90:8d:93:30:dd','SJSU_Guest',-84,0,0),(698,'cc:d5:39:89:2e:f5','SJSU_Guest',-87,0,0),(699,'b4:e9:b0:b4:d9:02','SJSU_Guest',-84,0,0),(700,'b4:e9:b0:ef:61:ed','SJSU_Guest',-89,0,0),(701,'68:86:a7:56:c4:a2','SJSU_Guest',-85,0,0),(702,'cc:d5:39:89:2f:4f','SJSU_premier',-79,1,0),(703,'68:86:a7:56:b5:7f','SJSU_premier',-88,1,0),(704,'68:86:a7:56:bc:6f','SJSU_premier',-85,1,0),(705,'cc:d5:39:89:2f:4d','SJSU_Guest',-83,0,0),(706,'68:86:a7:56:bc:6d','SJSU_Guest',-85,0,0),(707,'cc:d5:39:89:39:7d','SJSU_Guest',-73,0,0),(708,'cc:d5:39:89:39:7f','SJSU_premier',-78,1,0),(709,'cc:d5:39:89:3b:bf','SJSU_premier',-76,1,0),(710,'68:86:a7:30:1a:27','SJSU_premier',-90,1,0),(711,'cc:d5:39:89:3b:bd','SJSU_Guest',-74,0,0),(712,'68:86:a7:30:1a:25','SJSU_Guest',-89,0,0),(713,'68:86:a7:1c:cc:ef','SJSU_premier',-69,1,0),(714,'88:90:8d:93:2b:5f','SJSU_premier',-90,1,0),(715,'68:86:a7:56:c1:7f','SJSU_premier',-77,1,0),(716,'b4:e9:b0:ef:51:c0','SJSU_premier',-74,1,0),(717,'cc:d5:39:89:3b:b0','SJSU_premier',-77,1,0),(718,'b4:e9:b0:b4:28:80','SJSU_premier',-82,1,0),(719,'cc:d5:39:89:36:df','SJSU_premier',-86,1,0),(720,'68:86:a7:1c:c9:6f','SJSU_premier',-87,1,0),(721,'68:86:a7:d7:93:7f','SJSU_premier',-89,1,0),(722,'cc:d5:39:89:2f:10','SJSU_premier',-88,1,0),(723,'f0:29:29:2a:f2:80','SJSU_premier',-88,1,0),(724,'88:90:8d:93:2b:5d','SJSU_Guest',-90,0,0),(725,'68:86:a7:56:c1:7d','SJSU_Guest',-78,0,0),(726,'cc:d5:39:89:35:fd','SJSU_Guest',-78,0,0),(727,'cc:d5:39:89:35:f2','SJSU_Guest',-78,0,0),(728,'68:86:a7:56:c1:72','SJSU_Guest',-84,0,0),(729,'68:86:a7:56:a7:5d','SJSU_Guest',-88,0,0),(730,'f0:29:29:2a:b3:92','SJSU_Guest',-88,0,0),(731,'68:86:a7:56:b5:22','SJSU_Guest',-90,0,0),(732,'68:86:a7:1c:cc:e0','SJSU_premier',-63,1,0),(733,'cc:d5:39:89:35:ff','SJSU_premier',-72,1,0),(734,'68:86:a7:1c:d1:50','SJSU_premier',-68,1,0),(735,'68:86:a7:1c:cc:ed','SJSU_Guest',-69,0,0),(736,'68:86:a7:30:a1:0d','SJSU_Guest',-81,0,0),(737,'b4:e9:b0:b4:b5:fd','SJSU_Guest',-80,0,0),(738,'b4:e9:b0:ef:54:42','SJSU_Guest',-86,0,0),(739,'68:86:a7:1c:d1:5f','SJSU_premier',-69,1,0),(740,'68:86:a7:30:a1:0f','SJSU_premier',-84,1,0),(741,'68:86:a7:1c:d1:5d','SJSU_Guest',-69,0,0),(742,'b4:e9:b0:b4:b5:f2','SJSU_Guest',-74,0,0),(743,'b4:e9:b0:b4:28:8d','SJSU_Guest',-90,0,0),(744,'68:86:a7:56:b5:7f','SJSU_premier',-83,1,0),(745,'cc:d5:39:89:2f:4d','SJSU_Guest',-83,0,0),(746,'68:86:a7:30:1a:27','SJSU_premier',-89,1,0),(747,'cc:d5:39:89:3b:bd','SJSU_Guest',-74,0,0),(748,'68:86:a7:30:1a:25','SJSU_Guest',-89,0,0),(749,'cc:d5:39:89:2f:10','SJSU_premier',-92,1,0),(750,'68:86:a7:56:c1:7d','SJSU_Guest',-78,0,0),(751,'cc:d5:39:89:35:fd','SJSU_Guest',-45,0,0),(752,'cc:d5:39:89:35:f2','SJSU_Guest',-48,0,0),(753,'68:86:a7:56:c1:72','SJSU_Guest',-81,0,0),(754,'f0:29:29:2a:b3:92','SJSU_Guest',-69,0,0),(755,'cc:d5:39:89:35:ff','SJSU_premier',-44,1,0),(756,'68:86:a7:1c:d1:5f','SJSU_premier',-48,1,0),(757,'68:86:a7:1c:d1:5d','SJSU_Guest',-49,0,0),(758,'b4:e9:b0:b4:28:8d','SJSU_Guest',-90,0,0),(759,'cc:d5:39:89:35:f0','SJSU_premier',-53,1,0),(760,'f0:29:29:2a:b3:9f','SJSU_premier',-68,1,0),(761,'cc:d5:39:89:2f:1f','SJSU_premier',-86,1,0),(762,'68:86:a7:56:a7:17','SJSU_premier',-88,1,0),(763,'f0:29:29:2a:f2:8f','SJSU_premier',-88,1,0),(764,'68:86:a7:d7:ae:e7','SJSU_premier',-90,1,0),(765,'cc:d5:39:89:38:57','SJSU_premier',-92,1,0),(766,'68:86:a7:d7:9b:10','SJSU_premier',-90,1,0),(767,'f0:29:29:2a:b3:9d','SJSU_Guest',-67,0,0),(768,'68:86:a7:1c:cc:8d','SJSU_Guest',-83,0,0),(769,'68:86:a7:56:a7:15','SJSU_Guest',-88,0,0),(770,'68:86:a7:d7:ae:e5','SJSU_Guest',-89,0,0),(771,'58:f3:9c:a0:b1:0b','SJSU_MyDevice',-90,0,0),(772,'cc:d5:39:89:38:55','SJSU_Guest',-91,0,0),(773,'cc:d5:39:89:31:42','SJSU_Guest',-92,0,0),(774,'68:86:a7:56:b5:7f','SJSU_premier',-83,1,0),(775,'68:86:a7:56:c1:7d','SJSU_Guest',-75,0,0),(776,'cc:d5:39:89:35:fd','SJSU_Guest',-62,0,0),(777,'68:86:a7:56:c1:72','SJSU_Guest',-60,0,0),(778,'cc:d5:39:89:35:ff','SJSU_premier',-61,1,0),(779,'68:86:a7:1c:d1:5f','SJSU_premier',-86,1,0),(780,'68:86:a7:1c:d1:5d','SJSU_Guest',-49,0,0),(781,'cc:d5:39:89:2f:1f','SJSU_premier',-86,1,0),(782,'68:86:a7:56:a7:17','SJSU_premier',-88,1,0),(783,'f0:29:29:2a:f2:8f','SJSU_premier',-88,1,0),(784,'68:86:a7:d7:ae:e7','SJSU_premier',-90,1,0),(785,'cc:d5:39:89:38:57','SJSU_premier',-92,1,0),(786,'68:86:a7:1c:cc:8d','SJSU_Guest',-64,0,0),(787,'68:86:a7:56:a7:15','SJSU_Guest',-88,0,0),(788,'68:86:a7:d7:ae:e5','SJSU_Guest',-89,0,0),(789,'58:f3:9c:a0:b1:0b','SJSU_MyDevice',-90,0,0),(790,'cc:d5:39:89:38:55','SJSU_Guest',-91,0,0),(791,'68:86:a7:56:c1:7f','SJSU_premier',-75,1,0),(792,'68:86:a7:30:a1:0f','SJSU_premier',-55,1,0),(793,'cc:d5:39:89:3b:b0','SJSU_premier',-82,1,0),(794,'cc:d5:39:89:39:7f','SJSU_premier',-89,1,0),(795,'b4:e9:b0:b4:b5:f0','SJSU_premier',-91,1,0),(796,'68:86:a7:30:a1:0d','SJSU_Guest',-55,0,0),(797,'b4:e9:b0:b2:1f:9d','SJSU_Guest',-76,0,0),(798,'cc:d5:39:89:3b:b2','SJSU_Guest',-82,0,0),(799,'68:86:a7:1c:cc:82','SJSU_Guest',-83,0,0),(800,'68:86:a7:1c:cc:8f','SJSU_premier',-63,1,0),(801,'cc:d5:39:89:36:df','SJSU_premier',-65,1,0),(802,'b4:e9:b0:b2:1f:9f','SJSU_premier',-75,1,0),(803,'68:86:a7:1c:c9:6f','SJSU_premier',-75,1,0),(804,'b4:e9:b0:b4:ee:af','SJSU_premier',-80,1,0),(805,'68:86:a7:1c:d1:50','SJSU_premier',-86,1,0),(806,'cc:d5:39:89:36:dd','SJSU_Guest',-65,0,0),(807,'68:86:a7:1c:c9:6d','SJSU_Guest',-75,0,0),(808,'b4:e9:b0:b4:42:6d','SJSU_Guest',-80,0,0),(809,'b4:e9:b0:b2:1f:92','SJSU_Guest',-76,0,0),(810,'68:86:a7:1c:cc:ed','SJSU_Guest',-86,0,0),(811,'58:f3:9c:a0:b1:04','SJSU_MyDevice',-91,0,0),(812,'68:86:a7:56:c1:7d','SJSU_Guest',-75,0,0),(813,'68:86:a7:1c:cc:8d','SJSU_Guest',-64,0,0),(814,'68:86:a7:56:c1:7f','SJSU_premier',-75,1,0),(815,'68:86:a7:30:a1:0d','SJSU_Guest',-71,0,0),(816,'b4:e9:b0:b2:1f:9d','SJSU_Guest',-79,0,0),(817,'68:86:a7:1c:cc:8f','SJSU_premier',-64,1,0),(818,'cc:d5:39:89:36:df','SJSU_premier',-91,1,0),(819,'b4:e9:b0:b2:1f:9f','SJSU_premier',-80,1,0),(820,'68:86:a7:1c:c9:6f','SJSU_premier',-73,1,0),(821,'cc:d5:39:89:36:dd','SJSU_Guest',-59,0,0),(822,'68:86:a7:1c:c9:6d','SJSU_Guest',-73,0,0),(823,'b4:e9:b0:b4:ee:a0','SJSU_premier',-66,1,0),(824,'cc:d5:39:89:3b:bf','SJSU_premier',-86,1,0),(825,'68:86:a7:56:a7:5d','SJSU_Guest',-82,0,0),(826,'b4:e9:b0:b4:40:40','SJSU_premier',-76,1,0),(827,'68:86:a7:56:bc:60','SJSU_premier',-93,1,0),(828,'cc:d5:39:89:39:7d','SJSU_Guest',-85,0,0),(829,'b4:e9:b0:b2:1f:90','SJSU_premier',-79,1,0),(830,'68:86:a7:1c:ba:ff','SJSU_premier',-47,1,0),(831,'68:86:a7:56:a3:8f','SJSU_premier',-50,1,0),(832,'b4:e9:b0:ef:55:2f','SJSU_premier',-62,1,0),(833,'68:86:a7:1c:ba:fd','SJSU_Guest',-47,0,0),(834,'68:86:a7:56:a3:8d','SJSU_Guest',-50,0,0),(835,'b4:e9:b0:ef:55:2d','SJSU_Guest',-62,0,0),(836,'b4:e9:b0:b4:d7:80','SJSU_MyDevice',-77,0,0),(837,'b4:e9:b0:ef:55:3f','SJSU_premier',-75,1,0),(838,'b4:e9:b0:ef:55:3d','SJSU_Guest',-74,0,0),(839,'68:86:a7:30:89:0f','SJSU_premier',-87,1,0),(840,'68:86:a7:56:a8:df','SJSU_premier',-90,1,0),(841,'68:86:a7:30:89:02','SJSU_Guest',-76,0,0),(842,'b4:e9:b0:ef:55:20','SJSU_premier',-70,1,0),(843,'68:86:a7:56:bb:32','SJSU_Guest',-77,0,0),(844,'20:3a:07:49:a4:77','SJSU_premier',-85,1,0),(845,'20:3a:07:e5:da:67','SJSU_premier',-86,1,0),(846,'20:3a:07:e5:da:6d','SJSU_Guest',-81,0,0),(847,'20:3a:07:e5:da:65','SJSU_Guest',-86,0,0),(848,'a4:18:75:59:12:67','SJSU_premier',-92,1,0),(849,'20:3a:07:49:a4:75','SJSU_Guest',-85,0,0),(850,'20:3a:07:49:a4:7d','SJSU_Guest',-88,0,0),(851,'68:86:a7:56:a7:0d','SJSU_Guest',-77,0,0),(852,'68:86:a7:56:a7:0f','SJSU_premier',-77,1,0),(853,'a4:18:75:59:12:65','SJSU_Guest',-92,0,0),(854,'20:3a:07:e5:da:6f','SJSU_premier',-79,1,0),(855,'68:86:a7:56:b6:1f','SJSU_premier',-86,1,0),(856,'68:86:a7:1c:ca:df','SJSU_premier',-91,1,0),(857,'68:86:a7:56:b6:1d','SJSU_Guest',-87,0,0),(858,'20:3a:07:e5:da:62','SJSU_Guest',-81,0,0),(859,'20:3a:07:e5:da:60','SJSU_premier',-84,1,0),(860,'68:86:a7:56:b5:00','SJSU_premier',-85,1,0),(861,'68:86:a7:1c:b5:e0','SJSU_premier',-90,1,0),(862,'68:86:a7:56:b6:12','SJSU_Guest',-83,0,0),(863,'cc:d5:39:89:35:b2','SJSU_Guest',-84,0,0),(864,'68:86:a7:56:aa:12','SJSU_Guest',-92,0,0),(865,'cc:d5:39:89:35:b0','SJSU_premier',-78,1,0),(866,'cc:d5:39:89:35:bf','SJSU_premier',-86,1,0),(867,'68:86:a7:1c:ca:d0','SJSU_premier',-84,1,0),(868,'68:86:a7:1c:c9:1f','SJSU_premier',-91,1,0),(869,'20:3a:07:49:a4:7f','SJSU_premier',-91,1,0),(870,'68:86:a7:56:b5:0f','SJSU_premier',-92,1,0),(871,'cc:d5:39:89:35:bd','SJSU_Guest',-86,0,0),(872,'68:86:a7:1c:c9:1d','SJSU_Guest',-91,0,0),(873,'68:86:a7:1c:ca:d2','SJSU_Guest',-85,0,0),(874,'b4:e9:b0:b4:40:42','SJSU_Guest',-86,0,0),(875,'20:3a:07:49:a4:77','SJSU_premier',-89,1,0),(876,'20:3a:07:e5:da:67','SJSU_premier',-89,1,0),(877,'20:3a:07:e5:da:65','SJSU_Guest',-88,0,0),(878,'20:3a:07:49:a4:75','SJSU_Guest',-89,0,0),(879,'68:86:a7:56:b5:00','SJSU_premier',-84,1,0),(880,'20:3a:07:e5:da:6d','SJSU_Guest',-75,0,0),(881,'68:86:a7:56:b5:02','SJSU_Guest',-84,0,0),(882,'68:86:a7:56:b6:1f','SJSU_premier',-55,1,0),(883,'cc:d5:39:89:33:a0','SJSU_premier',-79,1,0),(884,'cc:d5:39:89:33:af','SJSU_premier',-86,1,0),(885,'68:86:a7:d7:af:f0','SJSU_premier',-83,1,0),(886,'68:86:a7:56:b5:1f','SJSU_premier',-90,1,0),(887,'68:86:a7:56:b6:1d','SJSU_Guest',-55,0,0),(888,'68:86:a7:56:b6:12','SJSU_Guest',-48,0,0),(889,'68:86:a7:56:b5:12','SJSU_Guest',-81,0,0),(890,'cc:d5:39:89:33:ad','SJSU_Guest',-86,0,0),(891,'68:86:a7:d7:af:f2','SJSU_Guest',-83,0,0),(892,'68:86:a7:56:b6:1f','SJSU_premier',-56,1,0),(893,'cc:d5:39:89:33:a0','SJSU_premier',-83,1,0),(894,'cc:d5:39:89:33:af','SJSU_premier',-81,1,0),(895,'68:86:a7:56:b5:1f','SJSU_premier',-88,1,0),(896,'68:86:a7:56:b6:1d','SJSU_Guest',-56,0,0),(897,'68:86:a7:56:b6:12','SJSU_Guest',-49,0,0),(898,'68:86:a7:56:b5:12','SJSU_Guest',-79,0,0),(899,'cc:d5:39:89:33:ad','SJSU_Guest',-81,0,0),(900,'68:86:a7:d7:af:f2','SJSU_Guest',-85,0,0),(901,'68:86:a7:56:a7:00','SJSU_premier',-92,1,0),(902,'b4:e9:b0:b4:49:32','SJSU_Guest',-88,0,0),(903,'68:86:a7:56:aa:10','SJSU_premier',-67,1,0),(904,'68:86:a7:56:aa:1f','SJSU_premier',-74,1,0),(905,'68:86:a7:1c:ca:d0','SJSU_premier',-72,1,0),(906,'20:3a:07:49:a4:77','SJSU_premier',-86,1,0),(907,'20:3a:07:e5:da:67','SJSU_premier',-88,1,0),(908,'68:86:a7:56:b6:10','SJSU_premier',-91,1,0),(909,'68:86:a7:56:aa:12','SJSU_Guest',-67,0,0),(910,'68:86:a7:56:aa:1d','SJSU_Guest',-74,0,0),(911,'68:86:a7:1c:ca:d2','SJSU_Guest',-72,0,0),(912,'20:3a:07:49:a4:75','SJSU_Guest',-86,0,0),(913,'cc:d5:39:89:37:42','SJSU_Guest',-84,0,0),(914,'20:3a:07:e5:da:65','SJSU_Guest',-90,0,0),(915,'b4:e9:b0:b4:d7:80','SJSU_MyDevice',-85,0,0),(916,'68:86:a7:56:b6:1f','SJSU_premier',-56,1,0),(917,'68:86:a7:56:b6:1d','SJSU_Guest',-55,0,0),(918,'cc:d5:39:89:35:bf','SJSU_premier',-83,1,0),(919,'68:86:a7:1c:c9:1f','SJSU_premier',-86,1,0),(920,'cc:d5:39:89:35:bd','SJSU_Guest',-82,0,0),(921,'68:86:a7:56:b6:12','SJSU_Guest',-63,0,0),(922,'cc:d5:39:89:35:b2','SJSU_Guest',-78,0,0),(923,'b4:e9:b0:b4:49:32','SJSU_Guest',-90,0,0),(924,'68:86:a7:56:b6:10','SJSU_premier',-64,1,0),(925,'cc:d5:39:89:35:b0','SJSU_premier',-77,1,0),(926,'b4:e9:b0:b4:49:30','SJSU_premier',-88,1,0),(927,'cc:d5:39:89:35:bf','SJSU_premier',-81,1,0),(928,'68:86:a7:1c:c9:1f','SJSU_premier',-66,1,0),(929,'cc:d5:39:89:35:bd','SJSU_Guest',-81,0,0),(930,'b4:e9:b0:b4:e5:a7','SJSU_premier',-79,1,0),(931,'b4:e9:b0:ef:54:47','SJSU_premier',-88,1,0),(932,'68:86:a7:1c:c9:1d','SJSU_Guest',-66,0,0),(933,'b4:e9:b0:ef:54:4d','SJSU_Guest',-80,0,0),(934,'b4:e9:b0:b4:e5:a5','SJSU_Guest',-78,0,0),(935,'b4:e9:b0:ef:54:45','SJSU_Guest',-89,0,0),(936,'68:86:a7:56:b5:1f','SJSU_premier',-64,1,0),(937,'b4:e9:b0:ef:4d:47','SJSU_premier',-86,1,0),(938,'b4:e9:b0:b4:e5:a0','SJSU_premier',-83,1,0),(939,'b4:e9:b0:b4:42:6f','SJSU_premier',-87,1,0),(940,'b4:e9:b0:ef:4d:40','SJSU_premier',-84,1,0),(941,'68:86:a7:56:b5:1d','SJSU_Guest',-64,0,0),(942,'b4:e9:b0:b4:42:62','SJSU_Guest',-78,0,0),(943,'cc:d5:39:89:39:57','SJSU_premier',-68,1,0),(944,'68:86:a7:56:a7:c7','SJSU_premier',-82,1,0),(945,'b4:e9:b0:ef:4d:4f','SJSU_premier',-83,1,0),(946,'cc:d5:39:89:31:47','SJSU_premier',-89,1,0),(947,'68:86:a7:56:be:bf','SJSU_premier',-90,1,0),(948,'cc:d5:39:89:39:55','SJSU_Guest',-67,0,0),(949,'b4:e9:b0:b4:e5:ad','SJSU_Guest',-79,0,0),(950,'cc:d5:39:89:35:b2','SJSU_Guest',-81,0,0),(951,'68:86:a7:56:a7:c5','SJSU_Guest',-85,0,0),(952,'cc:d5:39:89:31:45','SJSU_Guest',-89,0,0),(953,'a4:18:75:59:12:62','SJSU_Guest',-86,0,0),(954,'b4:e9:b0:b4:49:32','SJSU_Guest',-87,0,0),(955,'b4:e9:b0:b4:e5:a7','SJSU_premier',-90,1,0),(956,'b4:e9:b0:ef:54:47','SJSU_premier',-91,1,0),(957,'b4:e9:b0:b4:e5:a5','SJSU_Guest',-89,0,0),(958,'b4:e9:b0:ef:54:45','SJSU_Guest',-91,0,0),(959,'cc:d5:39:89:31:47','SJSU_premier',-68,1,0),(960,'68:86:a7:56:be:bf','SJSU_premier',-55,1,0),(961,'cc:d5:39:89:31:45','SJSU_Guest',-67,0,0),(962,'cc:d5:39:89:31:42','SJSU_Guest',-66,0,0),(963,'68:86:a7:56:be:b2','SJSU_Guest',-60,0,0),(964,'b4:e9:b0:ef:4d:47','SJSU_premier',-76,1,0),(965,'b4:e9:b0:ef:4d:45','SJSU_Guest',-77,0,0),(966,'f0:29:29:2a:b3:9f','SJSU_premier',-68,1,0),(967,'b4:e9:b0:ef:4d:4f','SJSU_premier',-80,1,0),(968,'b4:e9:b0:b4:28:8f','SJSU_premier',-78,1,0),(969,'68:86:a7:d7:ae:e7','SJSU_premier',-84,1,0),(970,'68:86:a7:56:b5:7f','SJSU_premier',-89,1,0),(971,'b4:e9:b0:ef:54:4f','SJSU_premier',-91,1,0),(972,'cc:d5:39:89:35:f0','SJSU_premier',-87,1,0),(973,'68:86:a7:56:be:bd','SJSU_Guest',-55,0,0),(974,'f0:29:29:2a:b3:9d','SJSU_Guest',-68,0,0),(975,'b4:e9:b0:b4:28:8d','SJSU_Guest',-79,0,0),(976,'68:86:a7:d7:ae:e5','SJSU_Guest',-84,0,0),(977,'68:86:a7:30:8e:dd','SJSU_Guest',-87,0,0),(978,'b4:e9:b0:ef:19:9d','SJSU_Guest',-87,0,0),(979,'f0:29:29:2a:f2:8d','SJSU_Guest',-90,0,0),(980,'b4:e9:b0:b4:b5:f0','SJSU_premier',-92,1,0),(981,'f0:29:29:2a:b3:92','SJSU_Guest',-70,0,0),(982,'cc:d5:39:89:35:f2','SJSU_Guest',-84,0,0),(983,'b4:e9:b0:ef:51:cd','SJSU_Guest',-88,0,0),(984,'68:86:a7:56:b5:72','SJSU_Guest',-88,0,0),(985,'b4:e9:b0:b4:e5:a7','SJSU_premier',-80,1,0),(986,'b4:e9:b0:ef:54:47','SJSU_premier',-65,1,0),(987,'b4:e9:b0:b4:e5:a5','SJSU_Guest',-80,0,0),(988,'b4:e9:b0:ef:54:45','SJSU_Guest',-65,0,0),(989,'68:86:a7:56:be:bf','SJSU_premier',-74,1,0),(990,'b4:e9:b0:ef:4d:47','SJSU_premier',-81,1,0),(991,'b4:e9:b0:ef:4d:45','SJSU_Guest',-80,0,0),(992,'68:86:a7:56:be:bd','SJSU_Guest',-74,0,0),(993,'68:86:a7:56:a7:c7','SJSU_premier',-76,1,0),(994,'68:86:a7:56:a7:c5','SJSU_Guest',-78,0,0),(995,'cc:d5:39:89:31:47','SJSU_premier',-86,1,0),(996,'cc:d5:39:89:39:57','SJSU_premier',-86,1,0),(997,'cc:d5:39:89:31:45','SJSU_Guest',-87,0,0),(998,'68:86:a7:1c:c9:1f','SJSU_premier',-86,1,0),(999,'b4:e9:b0:b4:b5:ff','SJSU_premier',-83,1,0),(1000,'b4:e9:b0:b4:e5:ad','SJSU_Guest',-84,0,0),(1001,'b4:e9:b0:ef:54:40','SJSU_premier',-56,1,0),(1002,'b4:e9:b0:b4:e5:a0','SJSU_premier',-80,1,0),(1003,'b4:e9:b0:ef:51:c0','SJSU_premier',-89,1,0),(1004,'68:86:a7:56:be:b2','SJSU_Guest',-67,0,0),(1005,'b4:e9:b0:b4:b5:fd','SJSU_Guest',-83,0,0),(1006,'68:86:a7:56:be:b0','SJSU_premier',-68,1,0),(1007,'b4:e9:b0:ef:4d:4f','SJSU_premier',-77,1,0),(1008,'b4:e9:b0:b4:e5:af','SJSU_premier',-82,1,0),(1009,'f0:29:29:2a:f2:8f','SJSU_premier',-90,1,0),(1010,'b4:e9:b0:ef:54:4d','SJSU_Guest',-61,0,0),(1011,'cc:d5:39:89:39:55','SJSU_Guest',-88,0,0),(1012,'68:86:a7:d7:93:7f','SJSU_premier',-88,1,0),(1013,'b4:e9:b0:b4:d9:0f','SJSU_premier',-83,1,0),(1014,'b4:e9:b0:b4:d9:0d','SJSU_Guest',-82,0,0),(1015,'68:86:a7:d7:93:7d','SJSU_Guest',-67,0,0),(1016,'cc:d5:39:89:39:7f','SJSU_premier',-73,1,0),(1017,'b4:e9:b0:ef:1c:7f','SJSU_premier',-75,1,0),(1018,'cc:d5:39:89:3b:bf','SJSU_premier',-82,1,0),(1019,'68:86:a7:56:c4:a7','SJSU_premier',-92,1,0),(1020,'b4:e9:b0:ef:4e:a7','SJSU_premier',-52,1,0),(1021,'68:86:a7:56:a7:c7','SJSU_premier',-70,1,0),(1022,'b4:e9:b0:b4:45:77','SJSU_premier',-88,1,0),(1023,'b4:e9:b0:ef:61:ef','SJSU_premier',-87,1,0),(1024,'cc:d5:39:89:38:87','SJSU_premier',-83,1,0),(1025,'b4:e9:b0:ee:a9:b7','SJSU_premier',-88,1,0),(1026,'f0:29:29:2a:a8:e7','SJSU_premier',-92,1,0),(1027,'cc:d5:39:89:3b:5f','SJSU_premier',-90,1,0),(1028,'b4:e9:b0:ef:1c:97','SJSU_premier',-91,1,0),(1029,'6c:fa:89:54:d3:77','SJSU_premier',-72,1,0),(1030,'b4:e9:b0:b4:d9:02','SJSU_Guest',-64,0,0),(1031,'cc:d5:39:89:39:7d','SJSU_Guest',-86,0,0),(1032,'b4:e9:b0:ef:1c:7d','SJSU_Guest',-75,0,0),(1033,'cc:d5:39:89:3b:bd','SJSU_Guest',-81,0,0),(1034,'cc:d5:39:89:3b:b2','SJSU_Guest',-79,0,0),(1035,'68:86:a7:56:c4:a5','SJSU_Guest',-92,0,0),(1036,'68:86:a7:56:a7:c5','SJSU_Guest',-70,0,0),(1037,'b4:e9:b0:ef:4e:a5','SJSU_Guest',-52,0,0),(1038,'68:86:a7:56:a7:c2','SJSU_Guest',-80,0,0),(1039,'b4:e9:b0:b4:45:75','SJSU_Guest',-87,0,0),(1040,'b4:e9:b0:b4:45:76','SJSU_MyDevice',-88,0,0),(1041,'b4:e9:b0:ee:a9:b6','SJSU_MyDevice',-88,0,0),(1042,'b4:e9:b0:b2:1d:de','SJSU_MyDevice',-89,0,0),(1043,'cc:d5:39:89:38:85','SJSU_Guest',-84,0,0),(1044,'b4:e9:b0:ee:a9:b5','SJSU_Guest',-89,0,0),(1045,'f0:29:29:2a:a8:e6','SJSU_MyDevice',-93,0,0),(1046,'f0:29:29:2a:a8:e5','SJSU_Guest',-91,0,0),(1047,'b4:e9:b0:ef:4e:a2','SJSU_Guest',-86,0,0),(1048,'b4:e9:b0:ef:1c:95','SJSU_Guest',-92,0,0),(1049,'6c:fa:89:54:d3:75','SJSU_Guest',-72,0,0),(1050,'b4:e9:b0:ef:1c:96','SJSU_MyDevice',-92,0,0),(1051,'cc:d5:39:89:39:70','SJSU_premier',-86,1,0),(1052,'6c:fa:89:54:d3:7f','SJSU_premier',-82,1,0),(1053,'88:90:8d:93:3f:8f','SJSU_premier',-87,1,0),(1054,'cc:d5:39:89:3b:57','SJSU_premier',-90,1,0),(1055,'b4:e9:b0:b4:b0:d7','SJSU_premier',-91,1,0),(1056,'68:86:a7:56:b9:9f','SJSU_premier',-91,1,0),(1057,'68:86:a7:d7:ae:a7','SJSU_premier',-90,1,0),(1058,'88:90:8d:93:3f:8d','SJSU_Guest',-88,0,0),(1059,'cc:d5:39:89:3b:55','SJSU_Guest',-90,0,0),(1060,'68:86:a7:d7:ae:a6','SJSU_MyDevice',-90,0,0),(1061,'b4:e9:b0:b4:b0:d6','SJSU_MyDevice',-92,0,0),(1062,'68:86:a7:d7:ae:a5','SJSU_Guest',-91,0,0),(1063,'b4:e9:b0:ef:4e:af','SJSU_premier',-51,1,0),(1064,'b4:e9:b0:ef:65:cf','SJSU_premier',-70,1,0),(1065,'f0:29:29:2a:f2:8f','SJSU_premier',-71,1,0),(1066,'88:90:8d:93:3c:1f','SJSU_premier',-85,1,0),(1067,'cc:d5:39:89:2f:4f','SJSU_premier',-85,1,0),(1068,'68:86:a7:30:1a:2f','SJSU_premier',-87,1,0),(1069,'b4:e9:b0:b4:eb:30','SJSU_premier',-89,1,0),(1070,'b4:e9:b0:ef:65:cd','SJSU_Guest',-70,0,0),(1071,'f0:29:29:2a:f2:8d','SJSU_Guest',-72,0,0),(1072,'6c:fa:89:54:d3:72','SJSU_Guest',-70,0,0),(1073,'88:90:8d:93:3c:1d','SJSU_Guest',-86,0,0),(1074,'68:86:a7:d7:93:7f','SJSU_premier',-88,1,0),(1075,'b4:e9:b0:b4:d9:0f','SJSU_premier',-83,1,0),(1076,'b4:e9:b0:b4:d9:0d','SJSU_Guest',-82,0,0),(1077,'b4:e9:b0:ef:1c:7f','SJSU_premier',-78,1,0),(1078,'cc:d5:39:89:3b:bf','SJSU_premier',-82,1,0),(1079,'68:86:a7:56:c4:a7','SJSU_premier',-90,1,0),(1080,'b4:e9:b0:ef:4e:a7','SJSU_premier',-79,1,0),(1081,'68:86:a7:56:a7:c7','SJSU_premier',-66,1,0),(1082,'b4:e9:b0:ef:61:ef','SJSU_premier',-77,1,0),(1083,'cc:d5:39:89:38:87','SJSU_premier',-84,1,0),(1084,'6c:fa:89:54:d3:77','SJSU_premier',-81,1,0),(1085,'cc:d5:39:89:3b:bd','SJSU_Guest',-81,0,0),(1086,'68:86:a7:56:c4:a5','SJSU_Guest',-90,0,0),(1087,'68:86:a7:56:a7:c5','SJSU_Guest',-66,0,0),(1088,'b4:e9:b0:ef:4e:a5','SJSU_Guest',-79,0,0),(1089,'68:86:a7:56:a7:c2','SJSU_Guest',-63,0,0),(1090,'cc:d5:39:89:38:85','SJSU_Guest',-83,0,0),(1091,'6c:fa:89:54:d3:75','SJSU_Guest',-82,0,0),(1092,'cc:d5:39:89:3b:57','SJSU_premier',-85,1,0),(1093,'cc:d5:39:89:3b:55','SJSU_Guest',-85,0,0),(1094,'b4:e9:b0:ef:4e:af','SJSU_premier',-80,1,0),(1095,'b4:e9:b0:ef:65:cf','SJSU_premier',-87,1,0),(1096,'f0:29:29:2a:f2:8f','SJSU_premier',-73,1,0),(1097,'88:90:8d:93:3c:1f','SJSU_premier',-74,1,0),(1098,'cc:d5:39:89:2f:4f','SJSU_premier',-81,1,0),(1099,'68:86:a7:30:1a:2f','SJSU_premier',-84,1,0),(1100,'b4:e9:b0:ef:65:cd','SJSU_Guest',-86,0,0),(1101,'f0:29:29:2a:f2:8d','SJSU_Guest',-72,0,0),(1102,'88:90:8d:93:3c:1d','SJSU_Guest',-75,0,0),(1103,'b4:e9:b0:ef:4e:a0','SJSU_premier',-55,1,0),(1104,'b4:e9:b0:ef:65:c2','SJSU_Guest',-63,0,0),(1105,'cc:d5:39:89:38:82','SJSU_Guest',-89,0,0),(1106,'68:86:a7:30:1a:22','SJSU_Guest',-90,0,0),(1107,'68:86:a7:56:c4:a2','SJSU_Guest',-92,0,0),(1108,'b4:e9:b0:b4:eb:3f','SJSU_premier',-65,1,0),(1109,'68:86:a7:1c:cd:6f','SJSU_premier',-75,1,0),(1110,'cc:d5:39:89:2e:f7','SJSU_premier',-82,1,0),(1111,'68:86:a7:56:a4:27','SJSU_premier',-87,1,0),(1112,'68:86:a7:56:c2:af','SJSU_premier',-87,1,0),(1113,'68:86:a7:56:be:7f','SJSU_premier',-90,1,0),(1114,'68:86:a7:56:c0:37','SJSU_premier',-90,1,0),(1115,'88:90:8d:93:3a:af','SJSU_premier',-91,1,0),(1116,'68:86:a7:56:ba:80','SJSU_premier',-91,1,0),(1117,'b4:e9:b0:b4:eb:3d','SJSU_Guest',-66,0,0),(1118,'cc:d5:39:89:2f:0d','SJSU_Guest',-73,0,0),(1119,'68:86:a7:1c:cd:6d','SJSU_Guest',-75,0,0),(1120,'b4:e9:b0:ef:61:ed','SJSU_Guest',-78,0,0),(1121,'68:86:a7:d7:97:ad','SJSU_Guest',-78,0,0),(1122,'cc:d5:39:89:2f:4d','SJSU_Guest',-80,0,0),(1123,'b4:e9:b0:ef:61:12','SJSU_Guest',-77,0,0),(1124,'cc:d5:39:89:38:8d','SJSU_Guest',-85,0,0),(1125,'cc:d5:39:89:2e:f5','SJSU_Guest',-85,0,0),(1126,'68:86:a7:56:bd:0d','SJSU_Guest',-85,0,0),(1127,'68:86:a7:56:a4:25','SJSU_Guest',-87,0,0),(1128,'68:86:a7:56:be:7d','SJSU_Guest',-89,0,0),(1129,'88:90:8d:93:3a:ad','SJSU_Guest',-91,0,0),(1130,'b4:e9:b0:ef:61:ef','SJSU_premier',-86,1,0),(1131,'6c:fa:89:54:d3:77','SJSU_premier',-92,1,0),(1132,'6c:fa:89:54:d3:75','SJSU_Guest',-93,0,0),(1133,'88:90:8d:93:3c:1f','SJSU_premier',-74,1,0),(1134,'88:90:8d:93:3c:1d','SJSU_Guest',-74,0,0),(1135,'b4:e9:b0:b4:eb:3f','SJSU_premier',-84,1,0),(1136,'68:86:a7:1c:cd:6f','SJSU_premier',-87,1,0),(1137,'b4:e9:b0:ef:61:ed','SJSU_Guest',-84,0,0),(1138,'b4:e9:b0:b4:bb:17','SJSU_premier',-81,1,0),(1139,'b4:e9:b0:b4:e7:dd','SJSU_Guest',-66,0,0),(1140,'b4:e9:b0:b4:bb:15','SJSU_Guest',-81,0,0),(1141,'68:86:a7:30:9b:ad','SJSU_Guest',-88,0,0),(1142,'b4:e9:b0:ef:61:1f','SJSU_premier',-64,1,0),(1143,'68:86:a7:56:ba:8d','SJSU_Guest',-86,0,0),(1144,'cc:d5:39:89:2f:0f','SJSU_premier',-85,1,0),(1145,'b4:e9:b0:b2:0f:c7','SJSU_premier',-83,1,0),(1146,'b4:e9:b0:ef:61:1d','SJSU_Guest',-64,0,0),(1147,'b4:e9:b0:b2:0f:c5','SJSU_Guest',-84,0,0),(1148,'b4:e9:b0:b4:e7:df','SJSU_premier',-66,1,0),(1149,'88:90:8d:93:3a:af','SJSU_premier',-83,1,0),(1150,'68:86:a7:56:ba:8f','SJSU_premier',-85,1,0),(1151,'b4:e9:b0:ef:21:cf','SJSU_premier',-87,1,0),(1152,'b4:e9:b0:ef:21:c7','SJSU_premier',-91,1,0),(1153,'cc:d5:39:89:30:4f','SJSU_premier',-90,1,0),(1154,'6c:fa:89:54:d3:70','SJSU_premier',-92,1,0),(1155,'f0:29:29:2a:f2:80','SJSU_premier',-93,1,0),(1156,'b4:e9:b0:b4:bb:1d','SJSU_Guest',-71,0,0),(1157,'88:90:8d:93:3a:ad','SJSU_Guest',-84,0,0),(1158,'68:86:a7:56:bd:02','SJSU_Guest',-85,0,0),(1159,'6c:fa:89:54:d3:7d','SJSU_Guest',-88,0,0),(1160,'b4:e9:b0:ef:21:c5','SJSU_Guest',-89,0,0),(1161,'f0:29:29:2a:f2:82','SJSU_Guest',-92,0,0),(1162,'b4:e9:b0:b4:e8:5f','SJSU_premier',-86,1,0),(1163,'f0:29:29:2a:e5:ef','SJSU_premier',-87,1,0),(1164,'cc:d5:39:89:2f:4f','SJSU_premier',-90,1,0),(1165,'68:86:a7:30:9e:ed','SJSU_Guest',-87,0,0),(1166,'68:86:a7:56:ba:82','SJSU_Guest',-87,0,0),(1167,'f0:29:29:2a:e5:e2','SJSU_Guest',-86,0,0),(1168,'b4:e9:b0:ef:21:c2','SJSU_Guest',-88,0,0),(1169,'68:86:a7:d7:9b:12','SJSU_Guest',-92,0,0),(1170,'b4:e9:b0:b2:0f:cf','SJSU_premier',-78,1,0),(1171,'b4:e9:b0:ef:1c:7f','SJSU_premier',-90,1,0),(1172,'b4:e9:b0:ef:4e:a0','SJSU_premier',-94,1,0),(1173,'f0:29:29:2a:e5:ed','SJSU_Guest',-85,0,0),(1174,'cc:d5:39:89:2f:0d','SJSU_Guest',-86,0,0),(1175,'cc:d5:39:89:39:df','SJSU_premier',-90,1,0),(1176,'b4:e9:b0:ef:4e:af','SJSU_premier',-91,1,0),(1177,'6c:fa:89:54:d3:7f','SJSU_premier',-91,1,0),(1178,'cc:d5:39:89:39:d0','SJSU_premier',-93,1,0),(1179,'b4:e9:b0:b4:bb:12','SJSU_Guest',-73,0,0),(1180,'b4:e9:b0:b4:eb:32','SJSU_Guest',-77,0,0),(1181,'cc:d5:39:89:2f:4d','SJSU_Guest',-94,0,0),(1182,'b4:e9:b0:ef:61:ef','SJSU_premier',-89,1,0),(1183,'88:90:8d:93:3c:1f','SJSU_premier',-72,1,0),(1184,'88:90:8d:93:3c:1d','SJSU_Guest',-71,0,0),(1185,'b4:e9:b0:b4:eb:3f','SJSU_premier',-82,1,0),(1186,'68:86:a7:1c:cd:6f','SJSU_premier',-86,1,0),(1187,'b4:e9:b0:b4:bb:17','SJSU_premier',-74,1,0),(1188,'b4:e9:b0:b4:e7:dd','SJSU_Guest',-69,0,0),(1189,'b4:e9:b0:b4:bb:15','SJSU_Guest',-75,0,0),(1190,'b4:e9:b0:ef:61:1f','SJSU_premier',-68,1,0),(1191,'b4:e9:b0:b2:0f:c7','SJSU_premier',-64,1,0),(1192,'b4:e9:b0:ef:61:1d','SJSU_Guest',-68,0,0),(1193,'b4:e9:b0:b2:0f:c5','SJSU_Guest',-65,0,0),(1194,'b4:e9:b0:b4:e7:df','SJSU_premier',-70,1,0),(1195,'88:90:8d:93:3a:af','SJSU_premier',-88,1,0),(1196,'b4:e9:b0:ef:21:c7','SJSU_premier',-66,1,0),(1197,'cc:d5:39:89:30:4f','SJSU_premier',-81,1,0),(1198,'b4:e9:b0:ef:21:c5','SJSU_Guest',-67,0,0),(1199,'b4:e9:b0:b4:e8:5f','SJSU_premier',-80,1,0),(1200,'68:86:a7:30:9e:ed','SJSU_Guest',-86,0,0),(1201,'b4:e9:b0:b4:e8:5d','SJSU_Guest',-80,0,0),(1202,'b4:e9:b0:ef:21:cf','SJSU_premier',-64,1,0),(1203,'6c:fa:89:54:d3:77','SJSU_premier',-91,1,0),(1204,'b4:e9:b0:b2:0f:c2','SJSU_Guest',-74,0,0),(1205,'f0:29:29:2a:f2:8d','SJSU_Guest',-87,0,0),(1206,'6c:fa:89:54:d3:7d','SJSU_Guest',-88,0,0),(1207,'f0:29:29:2a:b4:1d','SJSU_Guest',-91,0,0),(1208,'6c:fa:89:54:d3:75','SJSU_Guest',-93,0,0),(1209,'b4:e9:b0:ef:21:c0','SJSU_premier',-64,1,0),(1210,'b4:e9:b0:b4:bb:10','SJSU_premier',-69,1,0),(1211,'f0:29:29:2a:e5:ef','SJSU_premier',-75,1,0),(1212,'b4:e9:b0:ef:50:c0','SJSU_premier',-73,1,0),(1213,'b4:e9:b0:b2:10:17','SJSU_premier',-80,1,0),(1214,'b4:e9:b0:ef:50:cf','SJSU_premier',-82,1,0),(1215,'f0:29:29:2a:b4:17','SJSU_premier',-86,1,0),(1216,'cc:d5:39:89:38:47','SJSU_premier',-90,1,0),(1217,'b4:e9:b0:b2:10:57','SJSU_premier',-91,1,0),(1218,'f0:29:29:2a:e5:ed','SJSU_Guest',-75,0,0),(1219,'b4:e9:b0:b2:10:1d','SJSU_Guest',-77,0,0),(1220,'b4:e9:b0:b2:10:15','SJSU_Guest',-79,0,0),(1221,'b4:e9:b0:ef:50:cd','SJSU_Guest',-82,0,0),(1222,'b4:e9:b0:ef:61:12','SJSU_Guest',-80,0,0),(1223,'f0:29:29:2a:b4:15','SJSU_Guest',-87,0,0),(1224,'cc:d5:39:89:38:4d','SJSU_Guest',-88,0,0),(1225,'cc:d5:39:89:38:45','SJSU_Guest',-91,0,0),(1226,'b4:e9:b0:b2:2a:a2','SJSU_Guest',-87,0,0),(1227,'b4:e9:b0:b4:bb:17','SJSU_premier',-77,1,0),(1228,'b4:e9:b0:b4:bb:15','SJSU_Guest',-76,0,0),(1229,'b4:e9:b0:b2:0f:c7','SJSU_premier',-65,1,0),(1230,'b4:e9:b0:b2:0f:c5','SJSU_Guest',-65,0,0),(1231,'b4:e9:b0:ef:21:c7','SJSU_premier',-64,1,0),(1232,'b4:e9:b0:ef:21:c5','SJSU_Guest',-62,0,0),(1233,'f0:29:29:2a:e5:ef','SJSU_premier',-73,1,0),(1234,'b4:e9:b0:b2:10:17','SJSU_premier',-62,1,0),(1235,'b4:e9:b0:ef:50:cf','SJSU_premier',-82,1,0),(1236,'cc:d5:39:89:38:47','SJSU_premier',-92,1,0),(1237,'b4:e9:b0:b2:10:57','SJSU_premier',-92,1,0),(1238,'f0:29:29:2a:e5:ed','SJSU_Guest',-73,0,0),(1239,'b4:e9:b0:b2:10:15','SJSU_Guest',-82,0,0),(1240,'b4:e9:b0:ef:50:cd','SJSU_Guest',-81,0,0),(1241,'cc:d5:39:89:38:45','SJSU_Guest',-91,0,0),(1242,'b4:e9:b0:b2:0f:cf','SJSU_premier',-62,1,0),(1243,'b4:e9:b0:b2:0f:c0','SJSU_premier',-63,1,0),(1244,'f0:29:29:2a:b4:10','SJSU_premier',-86,1,0),(1245,'b4:e9:b0:ef:21:cd','SJSU_Guest',-62,0,0),(1246,'b4:e9:b0:ef:21:c2','SJSU_Guest',-65,0,0),(1247,'b4:e9:b0:b4:bb:12','SJSU_Guest',-68,0,0),(1248,'b4:e9:b0:b2:10:55','SJSU_Guest',-92,0,0),(1249,'cc:d5:39:89:38:40','SJSU_premier',-57,1,0),(1250,'68:86:a7:56:bc:30','SJSU_premier',-62,1,0),(1251,'68:86:a7:1c:c8:e7','SJSU_premier',-71,1,0),(1252,'68:86:a7:56:bc:37','SJSU_premier',-76,1,0),(1253,'f0:29:29:2a:e7:0f','SJSU_premier',-77,1,0),(1254,'cc:d5:39:89:35:87','SJSU_premier',-92,1,0),(1255,'68:86:a7:1c:c8:e5','SJSU_Guest',-69,0,0),(1256,'f0:29:29:2a:e7:02','SJSU_Guest',-66,0,0),(1257,'f0:29:29:2a:e7:0d','SJSU_Guest',-76,0,0),(1258,'cc:d5:39:89:35:85','SJSU_Guest',-91,0,0),(1259,'b4:e9:b0:b2:10:57','SJSU_premier',-88,1,0),(1260,'68:86:a7:56:bb:1f','SJSU_premier',-78,1,0),(1261,'f0:29:29:2a:b4:10','SJSU_premier',-90,1,0),(1262,'b4:e9:b0:b2:10:55','SJSU_Guest',-87,0,0),(1263,'b4:e9:b0:b2:10:5f','SJSU_premier',-79,1,0),(1264,'f0:29:29:2a:e4:f0','SJSU_premier',-78,1,0),(1265,'b4:e9:b0:b2:10:52','SJSU_Guest',-72,0,0),(1266,'f0:29:29:2a:e4:f2','SJSU_Guest',-79,0,0),(1267,'68:86:a7:56:bb:1d','SJSU_Guest',-78,0,0),(1268,'68:86:a7:56:aa:12','SJSU_Guest',-93,0,0),(1269,'68:86:a7:56:b5:27','SJSU_premier',-84,1,0),(1270,'68:86:a7:56:b5:25','SJSU_Guest',-84,0,0),(1271,'b4:e9:b0:b4:e7:df','SJSU_premier',-83,1,0),(1272,'b4:e9:b0:b2:0f:c7','SJSU_premier',-72,1,0),(1273,'b4:e9:b0:ef:21:c7','SJSU_premier',-77,1,0),(1274,'b4:e9:b0:b2:0f:c5','SJSU_Guest',-72,0,0),(1275,'b4:e9:b0:ef:21:c5','SJSU_Guest',-78,0,0),(1276,'68:86:a7:56:af:b0','SJSU_premier',-81,1,0),(1277,'b4:e9:b0:b2:10:17','SJSU_premier',-86,1,0),(1278,'b4:e9:b0:b2:0f:cd','SJSU_Guest',-66,0,0),(1279,'b4:e9:b0:b2:10:15','SJSU_Guest',-87,0,0),(1280,'b4:e9:b0:b4:bb:15','SJSU_Guest',-92,0,0),(1281,'68:86:a7:56:af:bd','SJSU_Guest',-90,0,0),(1282,'b4:e9:b0:b4:bb:1d','SJSU_Guest',-87,0,0),(1283,'68:86:a7:56:af:b2','SJSU_Guest',-79,0,0),(1284,'68:86:a7:56:b5:20','SJSU_premier',-74,1,0),(1285,'f0:29:29:2a:e5:e0','SJSU_premier',-87,1,0),(1286,'68:86:a7:56:ba:8f','SJSU_premier',-85,1,0),(1287,'b4:e9:b0:b4:bb:10','SJSU_premier',-86,1,0),(1288,'68:86:a7:30:89:10','SJSU_premier',-92,1,0),(1289,'f0:29:29:2a:af:d0','SJSU_premier',-92,1,0),(1290,'b4:e9:b0:b4:bb:12','SJSU_Guest',-86,0,0),(1291,'68:86:a7:30:89:12','SJSU_Guest',-91,0,0),(1292,'68:86:a7:56:b5:2f','SJSU_premier',-86,1,0),(1293,'b4:e9:b0:b2:10:10','SJSU_premier',-78,1,0),(1294,'68:86:a7:56:b5:22','SJSU_Guest',-75,0,0),(1295,'b4:e9:b0:ef:21:c2','SJSU_Guest',-80,0,0),(1296,'b4:e9:b0:b2:0f:c7','SJSU_premier',-88,1,0),(1297,'b4:e9:b0:ef:21:c7','SJSU_premier',-91,1,0),(1298,'b4:e9:b0:b2:0f:c5','SJSU_Guest',-87,0,0),(1299,'b4:e9:b0:ef:21:c5','SJSU_Guest',-90,0,0),(1300,'b4:e9:b0:ef:21:cf','SJSU_premier',-88,1,0),(1301,'b4:e9:b0:b4:e7:dd','SJSU_Guest',-60,0,0),(1302,'88:90:8d:93:3c:1f','SJSU_premier',-77,1,0),(1303,'88:90:8d:93:3c:1d','SJSU_Guest',-77,0,0),(1304,'b4:e9:b0:ef:61:10','SJSU_premier',-82,1,0),(1305,'b4:e9:b0:ef:61:12','SJSU_Guest',-84,0,0),(1306,'b4:e9:b0:b4:e7:df','SJSU_premier',-57,1,0),(1307,'b4:e9:b0:b4:e8:5f','SJSU_premier',-81,1,0),(1308,'cc:d5:39:89:2f:0f','SJSU_premier',-82,1,0),(1309,'b4:e9:b0:ef:4e:a7','SJSU_premier',-72,1,0),(1310,'cc:d5:39:89:2f:4f','SJSU_premier',-82,1,0),(1311,'cc:d5:39:89:38:8f','SJSU_premier',-89,1,0),(1312,'68:86:a7:56:a7:c7','SJSU_premier',-89,1,0),(1313,'cc:d5:39:89:38:87','SJSU_premier',-86,1,0),(1314,'b4:e9:b0:ef:65:cf','SJSU_premier',-71,1,0),(1315,'68:86:a7:30:9e:ed','SJSU_Guest',-82,0,0),(1316,'b4:e9:b0:ef:4e:a5','SJSU_Guest',-72,0,0),(1317,'cc:d5:39:89:38:85','SJSU_Guest',-85,0,0),(1318,'cc:d5:39:89:3b:bd','SJSU_Guest',-91,0,0),(1319,'68:86:a7:56:a7:c5','SJSU_Guest',-88,0,0),(1320,'b4:e9:b0:b4:eb:3f','SJSU_premier',-72,1,0),(1321,'68:86:a7:1c:cd:6f','SJSU_premier',-78,1,0),(1322,'6c:fa:89:54:d3:77','SJSU_premier',-69,1,0),(1323,'cc:d5:39:89:2e:f7','SJSU_premier',-85,1,0),(1324,'68:86:a7:1c:cd:60','SJSU_premier',-78,1,0),(1325,'cc:d5:39:89:3b:57','SJSU_premier',-84,1,0),(1326,'68:86:a7:56:b9:9f','SJSU_premier',-82,1,0),(1327,'68:86:a7:56:a4:27','SJSU_premier',-87,1,0),(1328,'68:86:a7:1c:be:1f','SJSU_premier',-91,1,0),(1329,'68:86:a7:1c:b9:07','SJSU_premier',-91,1,0),(1330,'68:86:a7:1c:cd:6d','SJSU_Guest',-78,0,0),(1331,'b4:e9:b0:b4:eb:3d','SJSU_Guest',-73,0,0),(1332,'6c:fa:89:54:d3:72','SJSU_Guest',-69,0,0),(1333,'6c:fa:89:54:d3:75','SJSU_Guest',-69,0,0),(1334,'b4:e9:b0:ef:65:c2','SJSU_Guest',-73,0,0),(1335,'cc:d5:39:89:2e:f5','SJSU_Guest',-86,0,0),(1336,'b4:e9:b0:ef:4e:a2','SJSU_Guest',-76,0,0),(1337,'cc:d5:39:89:3b:55','SJSU_Guest',-84,0,0),(1338,'68:86:a7:56:b9:9d','SJSU_Guest',-82,0,0),(1339,'68:86:a7:56:a7:c2','SJSU_Guest',-83,0,0),(1340,'68:86:a7:56:a4:25','SJSU_Guest',-86,0,0),(1341,'88:90:8d:93:3a:ad','SJSU_Guest',-86,0,0),(1342,'cc:d5:39:89:37:fd','SJSU_Guest',-90,0,0),(1343,'68:86:a7:1c:b9:05','SJSU_Guest',-90,0,0),(1344,'b4:e9:b0:ef:61:e2','SJSU_Guest',-86,0,0),(1345,'f0:29:29:2a:f2:8f','SJSU_premier',-69,1,0),(1346,'6c:fa:89:54:d3:70','SJSU_premier',-66,1,0),(1347,'b4:e9:b0:ef:61:ef','SJSU_premier',-72,1,0),(1348,'b4:e9:b0:ef:4e:af','SJSU_premier',-74,1,0),(1349,'68:86:a7:30:9e:ef','SJSU_premier',-84,1,0),(1350,'88:90:8d:93:3a:af','SJSU_premier',-87,1,0),(1351,'68:86:a7:56:c0:37','SJSU_premier',-87,1,0),(1352,'68:86:a7:56:a4:2f','SJSU_premier',-89,1,0),(1353,'68:86:a7:56:c4:a7','SJSU_premier',-90,1,0),(1354,'f0:29:29:2a:f2:8d','SJSU_Guest',-70,0,0),(1355,'b4:e9:b0:ef:61:ed','SJSU_Guest',-71,0,0),(1356,'b4:e9:b0:ef:65:cd','SJSU_Guest',-72,0,0),(1357,'cc:d5:39:89:2f:0d','SJSU_Guest',-77,0,0),(1358,'b4:e9:b0:ef:1c:7d','SJSU_Guest',-80,0,0),(1359,'68:86:a7:56:bd:0d','SJSU_Guest',-86,0,0),(1360,'68:86:a7:56:c2:ad','SJSU_Guest',-87,0,0),(1361,'68:86:a7:56:c0:35','SJSU_Guest',-88,0,0),(1362,'68:86:a7:56:c4:a5','SJSU_Guest',-92,0,0),(1363,'b4:e9:b0:ee:a1:df','SJSU_premier',-51,1,0),(1364,'b4:e9:b0:b4:28:af','SJSU_premier',-67,1,0),(1365,'68:86:a7:30:89:0f','SJSU_premier',-81,1,0),(1366,'b4:e9:b0:b4:28:ad','SJSU_Guest',-67,0,0),(1367,'68:86:a7:30:89:0d','SJSU_Guest',-80,0,0),(1368,'68:86:a7:56:a3:af','SJSU_premier',-66,1,0),(1369,'68:86:a7:56:a3:ad','SJSU_Guest',-66,0,0),(1370,'68:86:a7:d7:9f:4f','SJSU_premier',-72,1,0),(1371,'b4:e9:b0:ee:a1:dd','SJSU_Guest',-51,0,0),(1372,'68:86:a7:d7:9f:4d','SJSU_Guest',-72,0,0),(1373,'b4:e9:b0:b4:ec:6f','SJSU_premier',-84,1,0),(1374,'b4:e9:b0:b4:b8:e0','SJSU_premier',-76,1,0),(1375,'68:86:a7:d7:a1:5f','SJSU_premier',-89,1,0),(1376,'68:86:a7:30:8e:df','SJSU_premier',-90,1,0),(1377,'68:86:a7:d7:9f:42','SJSU_Guest',-73,0,0),(1378,'b4:e9:b0:b4:ec:62','SJSU_Guest',-74,0,0),(1379,'b4:e9:b0:b4:ec:6d','SJSU_Guest',-80,0,0),(1380,'68:86:a7:d7:a1:5d','SJSU_Guest',-90,0,0),(1381,'68:86:a7:d7:9f:4f','SJSU_premier',-70,1,0),(1382,'b4:e9:b0:ee:a1:df','SJSU_premier',-58,1,0),(1383,'68:86:a7:30:89:0d','SJSU_Guest',-83,0,0),(1384,'b4:e9:b0:b4:28:af','SJSU_premier',-55,1,0),(1385,'b4:e9:b0:b4:ec:6f','SJSU_premier',-88,1,0),(1386,'b4:e9:b0:b4:28:ad','SJSU_Guest',-55,0,0),(1387,'68:86:a7:d7:9f:4d','SJSU_Guest',-69,0,0),(1388,'68:86:a7:30:89:0f','SJSU_premier',-83,1,0),(1389,'68:86:a7:56:a3:ad','SJSU_Guest',-53,0,0),(1390,'68:86:a7:56:a3:af','SJSU_premier',-54,1,0),(1391,'b4:e9:b0:ee:a1:dd','SJSU_Guest',-57,0,0),(1392,'68:86:a7:d7:9f:42','SJSU_Guest',-72,0,0),(1393,'b4:e9:b0:b4:b8:e0','SJSU_premier',-76,1,0),(1394,'b4:e9:b0:b4:b8:e2','SJSU_Guest',-76,0,0),(1397,'3c:7a:8a:42:c0:ce','Trojan',-48,1,0),(1398,'3c:7a:8a:42:c0:d4','Trojan-5GHz',-40,1,0),(1399,'20:3a:07:9f:11:17','SJSU_premier',-74,1,0),(1400,'34:a8:4e:6a:22:b7','SJSU_premier',-76,1,0),(1401,'20:3a:07:9f:11:16','SJSU_MyDevice',-74,0,0),(1402,'20:3a:07:9f:11:15','SJSU_Guest',-74,0,0),(1403,'34:a8:4e:6a:22:b5','SJSU_Guest',-77,0,0),(1404,'34:a8:4e:6a:22:b6','SJSU_MyDevice',-76,0,0),(1405,'34:a8:4e:6a:19:37','SJSU_premier',-84,1,0),(1406,'34:a8:4e:6a:19:35','SJSU_Guest',-86,0,0),(1407,'34:a8:4e:6a:19:36','SJSU_MyDevice',-86,0,0),(1408,'88:75:56:c7:76:76','SJSU_MyDevice',-90,0,0),(1409,'f4:1f:c2:fa:aa:47','SJSU_premier',-77,1,0),(1410,'f4:1f:c2:fa:aa:46','SJSU_MyDevice',-76,0,0),(1411,'f4:1f:c2:fa:aa:45','SJSU_Guest',-77,0,0),(1412,'20:3a:07:e5:ef:ef','SJSU_premier',-73,1,0),(1413,'34:a8:4e:6a:18:4f','SJSU_premier',-80,1,0),(1414,'34:a8:4e:6a:15:6e','SJSU_MyDevice',-79,0,0),(1415,'20:3a:07:e5:ef:ed','SJSU_Guest',-73,0,0),(1416,'20:3a:07:e5:ef:ee','SJSU_MyDevice',-73,0,0),(1417,'34:a8:4e:6a:18:4e','SJSU_MyDevice',-80,0,0),(1418,'34:a8:4e:6a:18:4d','SJSU_Guest',-80,0,0),(1419,'f4:1f:c2:fa:aa:4e','SJSU_MyDevice',-90,0,0),(1420,'34:a8:4e:6a:22:bf','SJSU_premier',-85,1,0),(1421,'20:3a:07:e5:ef:e1','SJSU_MyDevice',-65,0,0),(1422,'34:a8:4e:6a:22:b1','SJSU_MyDevice',-67,0,0),(1423,'34:a8:4e:6a:19:3d','SJSU_Guest',-86,0,0),(1424,'20:3a:07:9f:11:1e','SJSU_MyDevice',-76,0,0),(1425,'b4:e9:b0:b4:46:9d','SJSU_Guest',-90,0,0);
/*!40000 ALTER TABLE `wifireading` ENABLE KEYS */;
UNLOCK TABLES;
/*!40103 SET TIME_ZONE=@OLD_TIME_ZONE */;

/*!40101 SET SQL_MODE=@OLD_SQL_MODE */;
/*!40014 SET FOREIGN_KEY_CHECKS=@OLD_FOREIGN_KEY_CHECKS */;
/*!40014 SET UNIQUE_CHECKS=@OLD_UNIQUE_CHECKS */;
/*!40101 SET CHARACTER_SET_CLIENT=@OLD_CHARACTER_SET_CLIENT */;
/*!40101 SET CHARACTER_SET_RESULTS=@OLD_CHARACTER_SET_RESULTS */;
/*!40101 SET COLLATION_CONNECTION=@OLD_COLLATION_CONNECTION */;
/*!40111 SET SQL_NOTES=@OLD_SQL_NOTES */;

-- Dump completed on 2016-12-14  6:34:04
